club,division,non_penalty_goals_scored,corner_goals_scored,non_penalty_goals_conceded,net_goal_swing,set_piece_coach,notes
Arsenal,Premier League,25,19,8,17,Nicolas Jover,Led Premier League in non-penalty set-piece goals and net swing; all-time record 19 corner goals
Tottenham Hotspur,Premier League,,,,,10,Andreas Georgson,2nd best net swing in PL despite finishing 17th in table
Coventry City,Championship,29,,13,16,,Standout set-piece team in Championship; swing would rank 2nd in PL
AFC Bournemouth,Premier League,,,,20,,Tied most set-piece goals conceded in PL (20); 96.4% inswinger rate
Crystal Palace,Premier League,,,,20,-9,,Tied most set-piece goals conceded (20); worst net swing in PL (-9)
Liverpool,Premier League,,,,20,,,Tied most set-piece goals conceded (20); hired Andoni Iraola and Bournemouth staff for 2026/27
Aston Villa,Premier League,,,,,,Austin MacPhee (departed),Coach Austin MacPhee moved to Chelsea for undisclosed release-clause fee
Chelsea,Premier League,,,,,,Austin MacPhee (arrived),Hired Austin MacPhee from Aston Villa ahead of 2026/27
League Average (PL),Premier League,27.4% of all goals,18.0% of all goals,27.4% of all goals,0,,27.4% non-penalty set-piece goals; 2643 inswingers vs 541 outswingers
