horizon,strategy,type,pairing,gkp1,club1,price1,gkp2,club2,price2,total_price,num_gws,tot_rot_xp,rot_xp_per_gw,oc_score,dcs,s_risk,rot_avg_fdr,no_diff_pct,all_easy_pct,fdr_corr,foi,expected_cs
gw1_19,Active 2-GKP Rotation,Active 2-GKP,Martinez (AVL) + Verbruggen (BHA),Martinez,AVL,5.0,Verbruggen,BHA,4.5,9.5,19,114.39,6.02,5.736,75.05,70.36,2.62,84.2,5.3,-0.0189,0.484,6.22
gw1_19,Active 2-GKP Rotation,Active 2-GKP,Martinez (AVL) + Rushworth (COV),Martinez,AVL,5.0,Rushworth,COV,4.5,9.5,19,113.46,5.97,5.687,74.21,70.36,2.62,84.2,5.3,-0.0189,0.517,5.68
gw1_19,Active 2-GKP Rotation,Active 2-GKP,Martinez (AVL) + Petrović (BOU),Martinez,AVL,5.0,Petrović,BOU,4.5,9.5,19,118.74,6.25,5.965,72.78,54.88,2.64,57.9,21.1,0.2143,0.5371,6.18
gw1_19,Active 2-GKP Rotation,Active 2-GKP,Martinez (AVL) + Kelleher (BRE),Martinez,AVL,5.0,Kelleher,BRE,5.0,10.0,19,116.66,6.14,5.713,66.72,50.52,2.82,52.6,0.0,-0.1094,0.5397,5.59
gw1_19,Active 2-GKP Rotation,Active 2-GKP,Martinez (AVL) + Sánchez (CHE),Martinez,AVL,5.0,Sánchez,CHE,5.0,10.0,19,115.88,6.1,5.672,71.78,64.93,2.73,73.7,5.3,-0.3649,0.5556,5.73
gw1_19,Active 2-GKP Rotation,Active 2-GKP,Martinez (AVL) + Henderson (CRY),Martinez,AVL,5.0,Henderson,CRY,5.0,10.0,19,116.0,6.11,5.678,67.69,54.43,2.78,63.2,5.3,0.1779,0.5408,5.67
gw1_19,Active 2-GKP Rotation,Active 2-GKP,Martinez (AVL) + Leno (FUL),Martinez,AVL,5.0,Leno,FUL,4.5,9.5,19,116.45,6.13,5.844,73.44,61.71,2.76,68.4,0.0,-0.3722,0.5337,5.81
gw1_19,Active 2-GKP Rotation,Active 2-GKP,Martinez (AVL) + Scherpen (IPS),Martinez,AVL,5.0,Scherpen,IPS,4.5,9.5,19,113.55,5.98,5.692,66.07,49.82,2.91,63.2,0.0,0.3944,0.5429,5.46
gw1_19,Active 2-GKP Rotation,Active 2-GKP,Martinez (AVL) + Trafford (LEE),Martinez,AVL,5.0,Trafford,LEE,5.0,10.0,19,115.16,6.06,5.634,71.73,66.45,2.59,73.7,10.5,-0.1037,0.5238,5.85
gw1_19,Active 2-GKP Rotation,Active 2-GKP,Martinez (AVL) + Lammens (MUN),Martinez,AVL,5.0,Lammens,MUN,5.0,10.0,19,118.64,6.24,5.817,76.55,70.63,2.63,84.2,5.3,-0.0934,0.4905,6.41
gw1_19,Active 2-GKP Rotation,Active 2-GKP,Martinez (AVL) + Pope (NEW),Martinez,AVL,5.0,Pope,NEW,5.0,10.0,19,118.25,6.22,5.797,74.63,66.71,2.67,73.7,5.3,-0.3883,0.5476,5.58
gw1_19,Active 2-GKP Rotation,Active 2-GKP,Martinez (AVL) + Sels (NFO),Martinez,AVL,5.0,Sels,NFO,5.0,10.0,19,115.61,6.08,5.658,63.27,44.25,2.97,52.6,0.0,0.2546,0.5596,5.4
gw1_19,Active 2-GKP Rotation,Active 2-GKP,Martinez (AVL) + Roefs (SUN),Martinez,AVL,5.0,Roefs,SUN,5.0,10.0,19,116.43,6.13,5.701,69.56,58.14,2.85,68.4,0.0,-0.1752,0.5464,5.54
gw1_19,Active 2-GKP Rotation,Active 2-GKP,Martinez (AVL) + Kinsky (TOT),Martinez,AVL,5.0,Kinsky,TOT,4.5,9.5,19,115.7,6.09,5.805,69.02,52.34,2.82,57.9,5.3,0.0071,0.5691,5.51
gw1_19,Active 2-GKP Rotation,Active 2-GKP,Verbruggen (BHA) + Rushworth (COV),Verbruggen,BHA,4.5,Rushworth,COV,4.5,9.0,19,107.56,5.66,5.519,64.69,53.78,2.77,73.7,5.3,1.0,0.4807,6.3
gw1_19,Active 2-GKP Rotation,Active 2-GKP,Verbruggen (BHA) + Petrović (BOU),Verbruggen,BHA,4.5,Petrović,BOU,4.5,9.0,19,118.88,6.26,6.114,88.51,87.81,2.25,94.7,26.3,-0.5056,0.49,7.17
gw1_19,Active 2-GKP Rotation,Active 2-GKP,Verbruggen (BHA) + Kelleher (BRE),Verbruggen,BHA,4.5,Kelleher,BRE,5.0,9.5,19,113.02,5.95,5.664,71.85,65.48,2.67,78.9,5.3,0.1117,0.499,5.77
gw1_19,Active 2-GKP Rotation,Active 2-GKP,Verbruggen (BHA) + Sánchez (CHE),Verbruggen,BHA,4.5,Sánchez,CHE,5.0,9.5,19,111.45,5.87,5.581,71.43,67.94,2.65,84.2,10.5,0.1943,0.5155,5.99
gw1_19,Active 2-GKP Rotation,Active 2-GKP,Verbruggen (BHA) + Henderson (CRY),Verbruggen,BHA,4.5,Henderson,CRY,5.0,9.5,19,112.97,5.95,5.661,75.27,74.14,2.58,89.5,10.5,-0.0531,0.4984,6.1
gw1_19,Active 2-GKP Rotation,Active 2-GKP,Verbruggen (BHA) + Pickford (EVE),Verbruggen,BHA,4.5,Pickford,EVE,5.5,10.0,19,110.68,5.83,5.398,66.14,62.57,2.72,73.7,5.3,0.0035,0.5123,6.05
gw1_19,Active 2-GKP Rotation,Active 2-GKP,Verbruggen (BHA) + Leno (FUL),Verbruggen,BHA,4.5,Leno,FUL,4.5,9.0,19,113.04,5.95,5.807,78.35,75.56,2.6,89.5,5.3,-0.311,0.493,6.28
gw1_19,Active 2-GKP Rotation,Active 2-GKP,Verbruggen (BHA) + Scherpen (IPS),Verbruggen,BHA,4.5,Scherpen,IPS,4.5,9.0,19,110.4,5.81,5.668,75.16,73.54,2.6,89.5,5.3,-0.0506,0.4996,6.23
gw1_19,Active 2-GKP Rotation,Active 2-GKP,Verbruggen (BHA) + Donnarumma (MCI),Verbruggen,BHA,4.5,Donnarumma,MCI,5.5,10.0,19,119.88,6.31,5.882,83.58,85.43,2.41,100.0,15.8,-0.3206,0.3516,8.85
gw1_19,Active 2-GKP Rotation,Active 2-GKP,Verbruggen (BHA) + Trafford (LEE),Verbruggen,BHA,4.5,Trafford,LEE,5.0,9.5,19,111.95,5.89,5.608,78.87,85.43,2.41,100.0,15.8,-0.3206,0.4825,6.45
gw1_19,Active 2-GKP Rotation,Active 2-GKP,Verbruggen (BHA) + Lammens (MUN),Verbruggen,BHA,4.5,Lammens,MUN,5.0,9.5,19,115.68,6.09,5.804,75.92,69.64,2.61,89.5,10.5,0.448,0.4554,6.52
gw1_19,Active 2-GKP Rotation,Active 2-GKP,Verbruggen (BHA) + Pope (NEW),Verbruggen,BHA,4.5,Pope,NEW,5.0,9.5,19,115.24,6.07,5.781,76.78,72.79,2.6,89.5,10.5,0.0711,0.5084,5.88
gw1_19,Active 2-GKP Rotation,Active 2-GKP,Verbruggen (BHA) + Sels (NFO),Verbruggen,BHA,4.5,Sels,NFO,5.0,9.5,19,113.66,5.98,5.698,72.95,66.78,2.71,78.9,5.3,-0.1726,0.5152,6.0
gw1_19,Active 2-GKP Rotation,Active 2-GKP,Verbruggen (BHA) + Roefs (SUN),Verbruggen,BHA,4.5,Roefs,SUN,5.0,9.5,19,113.78,5.99,5.704,74.91,71.4,2.69,89.5,5.3,-0.0194,0.5051,5.9
gw1_19,Active 2-GKP Rotation,Active 2-GKP,Verbruggen (BHA) + Kinsky (TOT),Verbruggen,BHA,4.5,Kinsky,TOT,4.5,9.0,19,111.89,5.89,5.747,73.92,67.08,2.67,78.9,10.5,-0.0952,0.5254,5.69
gw1_19,Active 2-GKP Rotation,Active 2-GKP,Rushworth (COV) + Petrović (BOU),Rushworth,COV,4.5,Petrović,BOU,4.5,9.0,19,117.66,6.19,6.051,87.42,87.81,2.25,94.7,26.3,-0.5056,0.5237,6.75
gw1_19,Active 2-GKP Rotation,Active 2-GKP,Rushworth (COV) + Kelleher (BRE),Rushworth,COV,4.5,Kelleher,BRE,5.0,9.5,19,112.18,5.9,5.62,71.1,65.48,2.67,78.9,5.3,0.1117,0.5329,5.46
gw1_19,Active 2-GKP Rotation,Active 2-GKP,Rushworth (COV) + Sánchez (CHE),Rushworth,COV,4.5,Sánchez,CHE,5.0,9.5,19,110.03,5.79,5.506,70.14,67.94,2.65,84.2,10.5,0.1943,0.5506,5.51
gw1_19,Active 2-GKP Rotation,Active 2-GKP,Rushworth (COV) + Henderson (CRY),Rushworth,COV,4.5,Henderson,CRY,5.0,9.5,19,111.83,5.89,5.601,74.24,74.14,2.58,89.5,10.5,-0.0531,0.5324,5.56
gw1_19,Active 2-GKP Rotation,Active 2-GKP,Rushworth (COV) + Pickford (EVE),Rushworth,COV,4.5,Pickford,EVE,5.5,10.0,19,109.42,5.76,5.332,65.01,62.57,2.72,73.7,5.3,0.0035,0.5471,5.51
gw1_19,Active 2-GKP Rotation,Active 2-GKP,Rushworth (COV) + Leno (FUL),Rushworth,COV,4.5,Leno,FUL,4.5,9.0,19,111.95,5.89,5.75,77.37,75.56,2.6,89.5,5.3,-0.311,0.5267,5.85
gw1_19,Active 2-GKP Rotation,Active 2-GKP,Rushworth (COV) + Scherpen (IPS),Rushworth,COV,4.5,Scherpen,IPS,4.5,9.0,19,108.6,5.72,5.574,73.53,73.54,2.6,89.5,5.3,-0.0506,0.5337,5.77
gw1_19,Active 2-GKP Rotation,Active 2-GKP,Rushworth (COV) + Donnarumma (MCI),Rushworth,COV,4.5,Donnarumma,MCI,5.5,10.0,19,119.63,6.3,5.87,83.36,85.43,2.41,100.0,15.8,-0.3206,0.3757,8.85
gw1_19,Active 2-GKP Rotation,Active 2-GKP,Rushworth (COV) + Trafford (LEE),Rushworth,COV,4.5,Trafford,LEE,5.0,9.5,19,110.79,5.83,5.547,77.83,85.43,2.41,100.0,15.8,-0.3206,0.5155,6.09
gw1_19,Active 2-GKP Rotation,Active 2-GKP,Rushworth (COV) + Lammens (MUN),Rushworth,COV,4.5,Lammens,MUN,5.0,9.5,19,115.02,6.05,5.769,75.33,69.64,2.61,89.5,10.5,0.448,0.4862,6.26
gw1_19,Active 2-GKP Rotation,Active 2-GKP,Rushworth (COV) + Pope (NEW),Rushworth,COV,4.5,Pope,NEW,5.0,9.5,19,114.41,6.02,5.737,76.03,72.79,2.6,89.5,10.5,0.0711,0.543,5.4
gw1_19,Active 2-GKP Rotation,Active 2-GKP,Rushworth (COV) + Sels (NFO),Rushworth,COV,4.5,Sels,NFO,5.0,9.5,19,112.39,5.92,5.631,71.81,66.78,2.71,78.9,5.3,-0.1726,0.5503,5.54
gw1_19,Active 2-GKP Rotation,Active 2-GKP,Rushworth (COV) + Roefs (SUN),Rushworth,COV,4.5,Roefs,SUN,5.0,9.5,19,112.69,5.93,5.646,73.92,71.4,2.69,89.5,5.3,-0.0194,0.5395,5.53
gw1_19,Active 2-GKP Rotation,Active 2-GKP,Rushworth (COV) + Kinsky (TOT),Rushworth,COV,4.5,Kinsky,TOT,4.5,9.0,19,110.52,5.82,5.675,72.68,67.08,2.67,78.9,10.5,-0.0952,0.5612,5.23
gw1_19,Active 2-GKP Rotation,Active 2-GKP,Petrović (BOU) + Kelleher (BRE),Petrović,BOU,4.5,Kelleher,BRE,5.0,9.5,19,118.73,6.25,5.964,79.57,71.87,2.45,73.7,21.1,-0.4108,0.5482,6.35
gw1_19,Active 2-GKP Rotation,Active 2-GKP,Petrović (BOU) + Sánchez (CHE),Petrović,BOU,4.5,Sánchez,CHE,5.0,9.5,19,117.19,6.17,5.883,80.02,76.49,2.43,84.2,26.3,-0.2405,0.5662,6.22
gw1_19,Active 2-GKP Rotation,Active 2-GKP,Petrović (BOU) + Henderson (CRY),Petrović,BOU,4.5,Henderson,CRY,5.0,9.5,19,117.58,6.19,5.904,76.92,67.85,2.51,73.7,26.3,-0.0592,0.5515,6.12
gw1_19,Active 2-GKP Rotation,Active 2-GKP,Petrović (BOU) + Pickford (EVE),Petrović,BOU,4.5,Pickford,EVE,5.5,10.0,19,115.07,6.06,5.63,66.66,53.95,2.7,57.9,21.1,0.1483,0.567,5.85
gw1_19,Active 2-GKP Rotation,Active 2-GKP,Petrović (BOU) + Leno (FUL),Petrović,BOU,4.5,Leno,FUL,4.5,9.0,19,116.24,6.12,5.975,76.09,62.7,2.55,68.4,21.1,0.1531,0.5473,6.12
gw1_19,Active 2-GKP Rotation,Active 2-GKP,Petrović (BOU) + Scherpen (IPS),Petrović,BOU,4.5,Scherpen,IPS,4.5,9.0,19,114.75,6.04,5.897,79.41,74.36,2.5,84.2,21.1,-0.1766,0.5508,6.03
gw1_19,Active 2-GKP Rotation,Active 2-GKP,Petrović (BOU) + Donnarumma (MCI),Petrović,BOU,4.5,Donnarumma,MCI,5.5,10.0,19,123.71,6.51,6.084,82.25,73.44,2.34,78.9,31.6,0.092,0.3908,8.62
gw1_19,Active 2-GKP Rotation,Active 2-GKP,Petrović (BOU) + Trafford (LEE),Petrović,BOU,4.5,Trafford,LEE,5.0,9.5,19,116.9,6.15,5.868,78.55,73.44,2.34,78.9,31.6,0.092,0.5356,6.19
gw1_19,Active 2-GKP Rotation,Active 2-GKP,Petrović (BOU) + Lammens (MUN),Petrović,BOU,4.5,Lammens,MUN,5.0,9.5,19,121.41,6.39,6.105,86.48,83.12,2.29,89.5,26.3,-0.3459,0.4974,7.07
gw1_19,Active 2-GKP Rotation,Active 2-GKP,Petrović (BOU) + Pope (NEW),Petrović,BOU,4.5,Pope,NEW,5.0,9.5,19,119.65,6.3,6.013,81.17,73.8,2.47,84.2,21.1,-0.0362,0.5605,6.14
gw1_19,Active 2-GKP Rotation,Active 2-GKP,Petrović (BOU) + Sels (NFO),Petrović,BOU,4.5,Sels,NFO,5.0,9.5,19,117.38,6.18,5.893,73.61,60.03,2.64,63.2,21.1,-0.1295,0.5691,5.88
gw1_19,Active 2-GKP Rotation,Active 2-GKP,Petrović (BOU) + Roefs (SUN),Petrović,BOU,4.5,Roefs,SUN,5.0,9.5,19,117.33,6.18,5.891,75.61,65.14,2.6,73.7,21.1,0.0381,0.5582,5.94
gw1_19,Active 2-GKP Rotation,Active 2-GKP,Petrović (BOU) + Kinsky (TOT),Petrović,BOU,4.5,Kinsky,TOT,4.5,9.0,19,116.81,6.15,6.005,79.02,68.76,2.49,73.7,26.3,-0.104,0.5796,5.85
gw1_19,Active 2-GKP Rotation,Active 2-GKP,Kelleher (BRE) + Sánchez (CHE),Kelleher,BRE,5.0,Sánchez,CHE,5.0,10.0,19,114.03,6.0,5.575,68.48,60.85,2.78,73.7,5.3,0.041,0.574,5.28
gw1_19,Active 2-GKP Rotation,Active 2-GKP,Kelleher (BRE) + Henderson (CRY),Kelleher,BRE,5.0,Henderson,CRY,5.0,10.0,19,114.95,6.05,5.623,65.74,51.94,2.79,57.9,5.3,0.1505,0.5576,5.27
gw1_19,Active 2-GKP Rotation,Active 2-GKP,Kelleher (BRE) + Leno (FUL),Kelleher,BRE,5.0,Leno,FUL,4.5,9.5,19,113.57,5.98,5.693,70.27,60.28,2.77,68.4,0.0,-0.2017,0.5503,5.56
gw1_19,Active 2-GKP Rotation,Active 2-GKP,Kelleher (BRE) + Scherpen (IPS),Kelleher,BRE,5.0,Scherpen,IPS,4.5,9.5,19,112.17,5.9,5.619,66.94,55.11,2.8,63.2,0.0,0.0503,0.5578,5.27
gw1_19,Active 2-GKP Rotation,Active 2-GKP,Kelleher (BRE) + Trafford (LEE),Kelleher,BRE,5.0,Trafford,LEE,5.0,10.0,19,113.42,5.97,5.543,71.33,69.36,2.56,78.9,10.5,-0.0553,0.5389,5.46
gw1_19,Active 2-GKP Rotation,Active 2-GKP,Kelleher (BRE) + Lammens (MUN),Kelleher,BRE,5.0,Lammens,MUN,5.0,10.0,19,117.17,6.17,5.74,74.94,69.94,2.64,84.2,5.3,-0.0359,0.5055,6.14
gw1_19,Active 2-GKP Rotation,Active 2-GKP,Kelleher (BRE) + Pope (NEW),Kelleher,BRE,5.0,Pope,NEW,5.0,10.0,19,117.04,6.16,5.733,73.28,66.06,2.72,78.9,5.3,-0.1313,0.5655,5.53
gw1_19,Active 2-GKP Rotation,Active 2-GKP,Kelleher (BRE) + Sels (NFO),Kelleher,BRE,5.0,Sels,NFO,5.0,10.0,19,113.4,5.97,5.542,60.47,42.25,2.97,47.4,0.0,0.1809,0.5762,5.14
gw1_19,Active 2-GKP Rotation,Active 2-GKP,Kelleher (BRE) + Roefs (SUN),Kelleher,BRE,5.0,Roefs,SUN,5.0,10.0,19,113.63,5.98,5.553,64.02,50.61,2.93,63.2,0.0,0.2335,0.5638,5.19
gw1_19,Active 2-GKP Rotation,Active 2-GKP,Kelleher (BRE) + Kinsky (TOT),Kelleher,BRE,5.0,Kinsky,TOT,4.5,9.5,19,113.22,5.96,5.674,67.11,53.17,2.86,63.2,5.3,0.1027,0.586,4.99
gw1_19,Active 2-GKP Rotation,Active 2-GKP,Sánchez (CHE) + Henderson (CRY),Sánchez,CHE,5.0,Henderson,CRY,5.0,10.0,19,113.2,5.96,5.531,70.22,67.08,2.69,78.9,10.5,-0.169,0.573,5.4
gw1_19,Active 2-GKP Rotation,Active 2-GKP,Sánchez (CHE) + Leno (FUL),Sánchez,CHE,5.0,Leno,FUL,4.5,9.5,19,112.86,5.94,5.655,71.15,64.08,2.72,73.7,5.3,-0.2177,0.5682,5.37
gw1_19,Active 2-GKP Rotation,Active 2-GKP,Sánchez (CHE) + Scherpen (IPS),Sánchez,CHE,5.0,Scherpen,IPS,4.5,9.5,19,110.2,5.8,5.516,69.73,66.52,2.73,78.9,5.3,-0.2067,0.5744,5.24
gw1_19,Active 2-GKP Rotation,Active 2-GKP,Sánchez (CHE) + Trafford (LEE),Sánchez,CHE,5.0,Trafford,LEE,5.0,10.0,19,112.55,5.92,5.497,71.18,70.94,2.52,84.2,15.8,0.1886,0.5575,5.51
gw1_19,Active 2-GKP Rotation,Active 2-GKP,Sánchez (CHE) + Lammens (MUN),Sánchez,CHE,5.0,Lammens,MUN,5.0,10.0,19,115.61,6.08,5.658,69.51,59.86,2.68,68.4,10.5,0.1458,0.5228,6.11
gw1_19,Active 2-GKP Rotation,Active 2-GKP,Sánchez (CHE) + Pope (NEW),Sánchez,CHE,5.0,Pope,NEW,5.0,10.0,19,115.73,6.09,5.664,70.12,61.14,2.71,68.4,10.5,-0.1287,0.5842,5.32
gw1_19,Active 2-GKP Rotation,Active 2-GKP,Sánchez (CHE) + Sels (NFO),Sánchez,CHE,5.0,Sels,NFO,5.0,10.0,19,114.12,6.01,5.58,66.24,55.05,2.89,63.2,5.3,-0.239,0.5924,5.08
gw1_19,Active 2-GKP Rotation,Active 2-GKP,Sánchez (CHE) + Roefs (SUN),Sánchez,CHE,5.0,Roefs,SUN,5.0,10.0,19,113.45,5.97,5.544,64.8,52.95,2.88,63.2,5.3,0.0781,0.5817,5.18
gw1_19,Active 2-GKP Rotation,Active 2-GKP,Sánchez (CHE) + Kinsky (TOT),Sánchez,CHE,5.0,Kinsky,TOT,4.5,9.5,19,111.76,5.88,5.597,67.48,57.38,2.79,68.4,10.5,0.1161,0.6056,4.89
gw1_19,Active 2-GKP Rotation,Active 2-GKP,Henderson (CRY) + Leno (FUL),Henderson,CRY,5.0,Leno,FUL,4.5,9.5,19,113.62,5.98,5.695,73.42,68.03,2.68,78.9,5.3,-0.2625,0.5499,5.53
gw1_19,Active 2-GKP Rotation,Active 2-GKP,Henderson (CRY) + Scherpen (IPS),Henderson,CRY,5.0,Scherpen,IPS,4.5,9.5,19,110.13,5.8,5.512,65.86,57.0,2.81,73.7,5.3,0.4681,0.5594,5.17
gw1_19,Active 2-GKP Rotation,Active 2-GKP,Henderson (CRY) + Trafford (LEE),Henderson,CRY,5.0,Trafford,LEE,5.0,10.0,19,113.17,5.96,5.529,71.58,70.57,2.5,78.9,15.8,-0.0231,0.5392,5.76
gw1_19,Active 2-GKP Rotation,Active 2-GKP,Henderson (CRY) + Lammens (MUN),Henderson,CRY,5.0,Lammens,MUN,5.0,10.0,19,117.09,6.16,5.736,76.44,73.87,2.57,84.2,10.5,-0.3325,0.5041,6.36
gw1_19,Active 2-GKP Rotation,Active 2-GKP,Henderson (CRY) + Pope (NEW),Henderson,CRY,5.0,Pope,NEW,5.0,10.0,19,116.71,6.14,5.716,76.18,74.06,2.62,89.5,10.5,-0.1677,0.5645,5.57
gw1_19,Active 2-GKP Rotation,Active 2-GKP,Henderson (CRY) + Sels (NFO),Henderson,CRY,5.0,Sels,NFO,5.0,10.0,19,113.83,5.99,5.564,65.56,54.02,2.9,68.4,5.3,0.2177,0.5762,5.22
gw1_19,Active 2-GKP Rotation,Active 2-GKP,Henderson (CRY) + Roefs (SUN),Henderson,CRY,5.0,Roefs,SUN,5.0,10.0,19,115.34,6.07,5.644,71.64,65.78,2.76,78.9,5.3,-0.2031,0.5624,5.52
gw1_19,Active 2-GKP Rotation,Active 2-GKP,Henderson (CRY) + Kinsky (TOT),Henderson,CRY,5.0,Kinsky,TOT,4.5,9.5,19,112.63,5.93,5.644,72.08,66.92,2.76,84.2,10.5,-0.0083,0.5858,5.19
gw1_19,Active 2-GKP Rotation,Active 2-GKP,Pickford (EVE) + Leno (FUL),Pickford,EVE,5.5,Leno,FUL,4.5,10.0,19,110.84,5.83,5.407,61.78,51.29,2.91,63.2,0.0,0.2189,0.5665,5.15
gw1_19,Active 2-GKP Rotation,Active 2-GKP,Pickford (EVE) + Scherpen (IPS),Pickford,EVE,5.5,Scherpen,IPS,4.5,10.0,19,108.55,5.71,5.286,61.08,54.71,2.9,68.4,0.0,0.1404,0.5727,5.1
gw1_19,Active 2-GKP Rotation,Active 2-GKP,Pickford (EVE) + Kinsky (TOT),Pickford,EVE,5.5,Kinsky,TOT,4.5,10.0,19,109.97,5.79,5.361,59.48,47.51,2.93,52.6,5.3,-0.06,0.6016,4.84
gw1_19,Active 2-GKP Rotation,Active 2-GKP,Leno (FUL) + Scherpen (IPS),Leno,FUL,4.5,Scherpen,IPS,4.5,9.0,19,110.04,5.79,5.649,75.01,73.96,2.7,89.5,0.0,-0.423,0.5506,5.49
gw1_19,Active 2-GKP Rotation,Active 2-GKP,Leno (FUL) + Donnarumma (MCI),Leno,FUL,4.5,Donnarumma,MCI,5.5,10.0,19,119.96,6.31,5.887,77.14,69.11,2.55,78.9,10.5,0.0023,0.3896,8.59
gw1_19,Active 2-GKP Rotation,Active 2-GKP,Leno (FUL) + Trafford (LEE),Leno,FUL,4.5,Trafford,LEE,5.0,9.5,19,111.83,5.89,5.601,72.23,69.11,2.55,78.9,10.5,0.0023,0.5342,5.63
gw1_19,Active 2-GKP Rotation,Active 2-GKP,Leno (FUL) + Lammens (MUN),Leno,FUL,4.5,Lammens,MUN,5.0,9.5,19,117.17,6.17,5.882,76.65,68.1,2.63,78.9,5.3,-0.1148,0.5004,6.29
gw1_19,Active 2-GKP Rotation,Active 2-GKP,Leno (FUL) + Pope (NEW),Leno,FUL,4.5,Pope,NEW,5.0,9.5,19,113.8,5.99,5.705,69.74,58.43,2.78,73.7,5.3,0.3486,0.5631,5.18
gw1_19,Active 2-GKP Rotation,Active 2-GKP,Leno (FUL) + Sels (NFO),Leno,FUL,4.5,Sels,NFO,5.0,9.5,19,112.13,5.9,5.617,65.14,50.69,2.89,57.9,0.0,-0.0072,0.5699,5.13
gw1_19,Active 2-GKP Rotation,Active 2-GKP,Leno (FUL) + Roefs (SUN),Leno,FUL,4.5,Roefs,SUN,5.0,9.5,19,113.36,5.97,5.682,70.08,60.28,2.83,73.7,0.0,-0.054,0.558,5.4
gw1_19,Active 2-GKP Rotation,Active 2-GKP,Leno (FUL) + Kinsky (TOT),Leno,FUL,4.5,Kinsky,TOT,4.5,9.0,19,110.24,5.8,5.66,65.9,50.76,2.84,57.9,5.3,0.1367,0.5809,4.9
gw1_19,Active 2-GKP Rotation,Active 2-GKP,Scherpen (IPS) + Donnarumma (MCI),Scherpen,IPS,4.5,Donnarumma,MCI,5.5,10.0,19,119.91,6.31,5.884,80.05,76.51,2.53,89.5,10.5,-0.2134,0.3936,8.65
gw1_19,Active 2-GKP Rotation,Active 2-GKP,Scherpen (IPS) + Trafford (LEE),Scherpen,IPS,4.5,Trafford,LEE,5.0,9.5,19,110.37,5.81,5.524,73.88,76.51,2.53,89.5,10.5,-0.2134,0.54,5.7
gw1_19,Active 2-GKP Rotation,Active 2-GKP,Scherpen (IPS) + Lammens (MUN),Scherpen,IPS,4.5,Lammens,MUN,5.0,9.5,19,114.85,6.04,5.76,78.72,78.5,2.57,94.7,5.3,-0.2643,0.5057,6.24
gw1_19,Active 2-GKP Rotation,Active 2-GKP,Scherpen (IPS) + Pope (NEW),Scherpen,IPS,4.5,Pope,NEW,5.0,9.5,19,114.58,6.03,5.746,77.08,75.02,2.64,89.5,5.3,-0.3611,0.5654,5.46
gw1_19,Active 2-GKP Rotation,Active 2-GKP,Scherpen (IPS) + Sels (NFO),Scherpen,IPS,4.5,Sels,NFO,5.0,9.5,19,109.93,5.79,5.501,64.95,55.19,2.92,73.7,0.0,0.3449,0.5776,4.94
gw1_19,Active 2-GKP Rotation,Active 2-GKP,Scherpen (IPS) + Roefs (SUN),Scherpen,IPS,4.5,Roefs,SUN,5.0,9.5,19,111.01,5.84,5.558,65.17,53.3,2.9,68.4,0.0,0.3344,0.5658,5.17
gw1_19,Active 2-GKP Rotation,Active 2-GKP,Scherpen (IPS) + Kinsky (TOT),Scherpen,IPS,4.5,Kinsky,TOT,4.5,9.0,19,109.25,5.75,5.608,70.6,64.73,2.77,78.9,5.3,-0.0917,0.5869,5.13
gw1_19,Active 2-GKP Rotation,Active 2-GKP,Donnarumma (MCI) + Kinsky (TOT),Donnarumma,MCI,5.5,Kinsky,TOT,4.5,10.0,19,120.76,6.36,5.929,78.67,71.16,2.55,84.2,15.8,0.0874,0.4144,8.81
gw1_19,Active 2-GKP Rotation,Active 2-GKP,Trafford (LEE) + Lammens (MUN),Trafford,LEE,5.0,Lammens,MUN,5.0,10.0,19,116.66,6.14,5.713,76.95,76.09,2.46,89.5,15.8,0.0684,0.4907,6.41
gw1_19,Active 2-GKP Rotation,Active 2-GKP,Trafford (LEE) + Pope (NEW),Trafford,LEE,5.0,Pope,NEW,5.0,10.0,19,116.12,6.11,5.685,77.25,78.07,2.42,89.5,15.8,-0.0952,0.5482,5.85
gw1_19,Active 2-GKP Rotation,Active 2-GKP,Trafford (LEE) + Sels (NFO),Trafford,LEE,5.0,Sels,NFO,5.0,10.0,19,111.31,5.86,5.431,68.7,67.55,2.6,78.9,10.5,0.066,0.5582,5.15
gw1_19,Active 2-GKP Rotation,Active 2-GKP,Trafford (LEE) + Roefs (SUN),Trafford,LEE,5.0,Roefs,SUN,5.0,10.0,19,113.95,6.0,5.571,73.75,74.2,2.54,84.2,10.5,-0.2848,0.5451,5.6
gw1_19,Active 2-GKP Rotation,Active 2-GKP,Trafford (LEE) + Kinsky (TOT),Trafford,LEE,5.0,Kinsky,TOT,4.5,9.5,19,111.4,5.86,5.579,72.67,71.16,2.55,84.2,15.8,0.0874,0.5682,5.28
gw1_19,Active 2-GKP Rotation,Active 2-GKP,Lammens (MUN) + Pope (NEW),Lammens,MUN,5.0,Pope,NEW,5.0,10.0,19,119.12,6.27,5.843,76.14,68.53,2.6,78.9,10.5,-0.0649,0.5149,6.18
gw1_19,Active 2-GKP Rotation,Active 2-GKP,Lammens (MUN) + Sels (NFO),Lammens,MUN,5.0,Sels,NFO,5.0,10.0,19,118.02,6.21,5.785,75.28,68.85,2.69,78.9,5.3,-0.3906,0.5214,6.2
gw1_19,Active 2-GKP Rotation,Active 2-GKP,Lammens (MUN) + Roefs (SUN),Lammens,MUN,5.0,Roefs,SUN,5.0,10.0,19,118.46,6.23,5.808,75.83,69.24,2.71,84.2,5.3,-0.1654,0.5115,6.18
gw1_19,Active 2-GKP Rotation,Active 2-GKP,Lammens (MUN) + Kinsky (TOT),Lammens,MUN,5.0,Kinsky,TOT,4.5,9.5,19,116.44,6.13,5.844,75.97,68.05,2.67,78.9,10.5,-0.2237,0.5322,6.02
gw1_19,Active 2-GKP Rotation,Active 2-GKP,Pope (NEW) + Sels (NFO),Pope,NEW,5.0,Sels,NFO,5.0,10.0,19,116.31,6.12,5.695,68.62,56.07,2.81,63.2,5.3,-0.1197,0.5849,5.43
gw1_19,Active 2-GKP Rotation,Active 2-GKP,Pope (NEW) + Roefs (SUN),Pope,NEW,5.0,Roefs,SUN,5.0,10.0,19,116.58,6.14,5.709,68.75,55.79,2.86,68.4,5.3,0.1203,0.5748,5.35
gw1_19,Active 2-GKP Rotation,Active 2-GKP,Pope (NEW) + Kinsky (TOT),Pope,NEW,5.0,Kinsky,TOT,4.5,9.5,19,114.93,6.05,5.764,68.7,53.28,2.79,63.2,10.5,0.301,0.5985,5.03
gw1_19,Active 2-GKP Rotation,Active 2-GKP,Sels (NFO) + Roefs (SUN),Sels,NFO,5.0,Roefs,SUN,5.0,10.0,19,113.18,5.96,5.53,60.91,43.84,3.04,52.6,0.0,0.0835,0.5831,5.04
gw1_19,Active 2-GKP Rotation,Active 2-GKP,Sels (NFO) + Kinsky (TOT),Sels,NFO,5.0,Kinsky,TOT,4.5,9.5,19,111.27,5.86,5.572,60.15,40.17,3.04,47.4,5.3,0.2425,0.6069,4.74
gw1_19,Active 2-GKP Rotation,Active 2-GKP,Roefs (SUN) + Kinsky (TOT),Roefs,SUN,5.0,Kinsky,TOT,4.5,9.5,19,112.3,5.91,5.626,64.73,49.3,2.97,63.2,5.3,0.2807,0.5949,4.83
