player_id,web_name,club_short,position,expected_role,draft_availability,total_5gw_xp,avg_gw_xp,total_5gw_xmins,gw1_xp,gw2_xp,gw3_xp,gw4_xp,gw5_xp,gw1_xmins,gw2_xmins,gw3_xmins,gw4_xmins,gw5_xmins,rate_source,provenance_note
379,Isak,LIV,FWD,Nailed Starter,eligible,31.82,6.36,387.5,5.97,5.68,7.27,7.2,5.7,77.5,77.5,77.5,77.5,77.5,fpl_3season_career_only,100% 3-season FPL career history
154,Palmer,CHE,MID,Nailed Starter,eligible,30.31,6.06,387.5,6.05,7.25,3.78,7.39,5.83,77.5,77.5,77.5,77.5,77.5,fpl_3season_career_only,100% 3-season FPL career history
208,Sarr,CRY,MID,Nailed Starter,eligible,26.16,5.23,387.5,5.2,4.31,5.31,6.22,5.12,77.5,77.5,77.5,77.5,77.5,fpl_3season_career_only,100% 3-season FPL career history
411,Haaland,MCI,FWD,Nailed Starter,eligible,25.47,5.09,387.5,4.85,4.92,5.95,3.99,5.75,77.5,77.5,77.5,77.5,77.5,fpl_historical_50_50,50% 2025/26 + 50% 3-season FPL career history blend
504,Vuskovic,BHA,DEF,Nailed Starter,eligible,25.12,5.02,387.5,4.98,5.18,4.81,4.97,5.17,77.5,77.5,77.5,77.5,77.5,external_3season_research,External 3-season research: Westerlo / HSV 2024-26 match logs
25,Gyökeres,ARS,FWD,Regular Starter,eligible,24.69,4.94,310.0,6.56,3.92,3.86,5.13,5.21,62.0,62.0,62.0,62.0,62.0,external_3season_research,"External 3-season research: Sporting CP / Arsenal 2023-26 (0.77 xG/90, 0.24 xA/90)"
31,Konsa,AVL,DEF,Nailed Starter,eligible,24.46,4.89,387.5,4.89,4.77,5.15,4.82,4.83,77.5,77.5,77.5,77.5,77.5,fpl_historical_50_50,50% 2025/26 + 50% 3-season FPL career history blend
346,Calvert-Lewin,LEE,FWD,Nailed Starter,eligible,23.89,4.78,387.5,4.58,4.39,4.65,5.71,4.55,77.5,77.5,77.5,77.5,77.5,fpl_3season_career_only,100% 3-season FPL career history
417,Dalot,MUN,DEF,Nailed Starter,eligible,23.86,4.77,387.5,4.81,4.79,4.69,4.81,4.75,77.5,77.5,77.5,77.5,77.5,fpl_historical_50_50,50% 2025/26 + 50% 3-season FPL career history blend
60,Hill,BOU,DEF,Nailed Starter,eligible,23.77,4.75,387.5,5.75,4.36,4.51,4.28,4.88,77.5,77.5,77.5,77.5,77.5,fpl_3season_career_only,100% 3-season FPL career history
165,João Pedro,CHE,FWD,Nailed Starter,eligible,23.63,4.73,387.5,4.76,5.65,2.89,5.77,4.57,77.5,77.5,77.5,77.5,77.5,fpl_3season_career_only,100% 3-season FPL career history
237,Ndiaye,EVE,MID,Nailed Starter,eligible,23.56,4.71,387.5,4.68,4.68,4.19,4.66,5.35,77.5,77.5,77.5,77.5,77.5,fpl_historical_50_50,50% 2025/26 + 50% 3-season FPL career history blend
384,Donnarumma,MCI,GKP,Nailed Starter,eligible,23.29,4.66,387.5,4.63,4.66,4.59,4.89,4.52,77.5,77.5,77.5,77.5,77.5,fpl_historical_50_50,50% 2025/26 + 50% 3-season FPL career history blend
4,Gabriel,ARS,DEF,Nailed Starter,eligible,22.86,4.57,387.5,4.23,4.85,4.81,4.48,4.5,77.5,77.5,77.5,77.5,77.5,fpl_3season_career_only,100% 3-season FPL career history
94,Schade,BRE,MID,Nailed Starter,eligible,22.78,4.56,387.5,4.56,4.53,5.16,4.58,3.94,77.5,77.5,77.5,77.5,77.5,fpl_3season_career_only,100% 3-season FPL career history
445,Thiaw,NEW,DEF,Nailed Starter,eligible,22.7,4.54,387.5,4.87,4.48,4.53,4.42,4.4,77.5,77.5,77.5,77.5,77.5,external_3season_research,External 3-season research: AC Milan / Newcastle DEF 2023-26 (8.78 def actions/90)
250,Leno,FUL,GKP,Nailed Starter,eligible,22.68,4.54,387.5,4.55,4.5,4.48,4.48,4.66,77.5,77.5,77.5,77.5,77.5,fpl_historical_50_50,50% 2025/26 + 50% 3-season FPL career history blend
418,Maguire,MUN,DEF,Nailed Starter,eligible,22.2,4.44,387.5,4.34,4.32,4.4,4.68,4.46,77.5,77.5,77.5,77.5,77.5,fpl_historical_50_50,50% 2025/26 + 50% 3-season FPL career history blend
173,Thomas,COV,DEF,Regular Starter,eligible,22.07,4.41,310.0,4.96,4.01,5.01,3.93,4.15,62.0,62.0,62.0,62.0,62.0,fpl_2025_26_only,100% 2025/26 FPL season history
95,O.Dango,BRE,MID,Nailed Starter,eligible,22.07,4.41,387.5,4.42,4.39,4.98,4.43,3.85,77.5,77.5,77.5,77.5,77.5,fpl_3season_career_only,100% 3-season FPL career history
533,Mukiele,SUN,DEF,Nailed Starter,eligible,21.86,4.37,387.5,3.95,3.95,4.09,4.56,5.31,77.5,77.5,77.5,77.5,77.5,external_3season_research,External 3-season research: PSG / Leverkusen / Sunderland 2023-26
254,Robinson,FUL,DEF,Nailed Starter,eligible,21.63,4.33,387.5,4.49,4.06,4.05,4.44,4.58,77.5,77.5,77.5,77.5,77.5,fpl_historical_50_50,50% 2025/26 + 50% 3-season FPL career history blend
82,Kelleher,BRE,GKP,Nailed Starter,eligible,21.5,4.3,387.5,4.28,4.26,4.21,4.29,4.46,77.5,77.5,77.5,77.5,77.5,fpl_historical_50_50,50% 2025/26 + 50% 3-season FPL career history blend
562,Maeda,IPS,MID,Regular Starter,eligible,21.45,4.29,310.0,5.24,3.77,3.6,4.42,4.42,62.0,62.0,62.0,62.0,62.0,external_3season_research,External 3-season research: Celtic / Ipswich Town 2024-26
535,Alderete,SUN,DEF,Nailed Starter,eligible,21.38,4.28,387.5,3.69,3.7,3.98,4.57,5.44,77.5,77.5,77.5,77.5,77.5,external_3season_research,External 3-season research: Getafe / Sunderland 2023-26 (9.82 def actions/90)
84,Collins,BRE,DEF,Nailed Starter,eligible,21.24,4.25,387.5,4.22,4.2,4.08,4.23,4.5,77.5,77.5,77.5,77.5,77.5,fpl_historical_50_50,50% 2025/26 + 50% 3-season FPL career history blend
391,Gvardiol,MCI,DEF,Regular Starter,eligible,21.11,4.22,310.0,4.22,4.24,4.13,4.44,4.08,62.0,62.0,62.0,62.0,62.0,fpl_historical_50_50,50% 2025/26 + 50% 3-season FPL career history blend
8,Calafiori,ARS,DEF,Regular Starter,eligible,20.98,4.2,310.0,4.03,4.34,4.31,4.14,4.16,62.0,62.0,62.0,62.0,62.0,fpl_historical_50_50,50% 2025/26 + 50% 3-season FPL career history blend
450,Livramento,NEW,DEF,Nailed Starter,watch,20.87,4.17,387.5,4.4,4.1,4.16,4.05,4.16,77.5,77.5,77.5,77.5,77.5,fpl_historical_50_50,50% 2025/26 + 50% 3-season FPL career history blend
499,Pedro Porro,TOT,DEF,Nailed Starter,eligible,20.82,4.16,387.5,4.09,4.22,4.18,4.17,4.16,77.5,77.5,77.5,77.5,77.5,fpl_historical_50_50,50% 2025/26 + 50% 3-season FPL career history blend
452,Bruno G.,NEW,MID,Nailed Starter,eligible,20.57,4.11,387.5,3.63,4.05,4.12,3.99,4.78,77.5,77.5,77.5,77.5,77.5,fpl_historical_50_50,50% 2025/26 + 50% 3-season FPL career history blend
532,Ballard,SUN,DEF,Nailed Starter,eligible,20.56,4.11,387.5,3.6,3.61,3.82,4.34,5.18,77.5,77.5,77.5,77.5,77.5,fpl_historical_50_50,50% 2025/26 + 50% 3-season FPL career history blend
426,B.Fernandes,MUN,MID,Nailed Starter,eligible,20.51,4.1,387.5,4.51,4.49,3.95,3.55,4.0,77.5,77.5,77.5,77.5,77.5,fpl_historical_50_50,50% 2025/26 + 50% 3-season FPL career history blend
412,Lammens,MUN,GKP,Nailed Starter,eligible,20.47,4.09,387.5,3.64,3.62,4.14,4.86,4.21,77.5,77.5,77.5,77.5,77.5,external_3season_research,External 3-season research: Royal Antwerp / Man Utd GKP 2023-26 (3.47 saves/90)
368,Szoboszlai,LIV,MID,Nailed Starter,eligible,20.46,4.09,387.5,4.02,3.91,4.32,4.3,3.91,77.5,77.5,77.5,77.5,77.5,fpl_3season_career_only,100% 3-season FPL career history
529,Roefs,SUN,GKP,Nailed Starter,eligible,20.42,4.08,387.5,3.32,3.33,3.73,4.48,5.56,77.5,77.5,77.5,77.5,77.5,external_3season_research,External 3-season research: NEC Nijmegen / Sunderland GKP 2023-26 (3.27 saves/90)
397,Semenyo,MCI,MID,Nailed Starter,eligible,20.32,4.06,387.5,3.95,3.99,4.42,3.63,4.34,77.5,77.5,77.5,77.5,77.5,fpl_3season_career_only,100% 3-season FPL career history
61,Truffert,BOU,DEF,Nailed Starter,eligible,20.2,4.04,387.5,5.08,3.63,3.75,3.58,4.17,77.5,77.5,77.5,77.5,77.5,fpl_3season_career_only,100% 3-season FPL career history
98,Janelt,BRE,MID,Regular Starter,eligible,20.13,4.03,310.0,4.03,4.01,4.59,4.04,3.47,62.0,62.0,62.0,62.0,62.0,fpl_historical_50_50,50% 2025/26 + 50% 3-season FPL career history blend
514,Tel,TOT,MID,Regular Starter,eligible,20.12,4.02,310.0,3.81,4.63,3.91,3.89,3.88,62.0,62.0,62.0,62.0,62.0,external_3season_research,External 3-season research: Bayern Munich / Spurs 2023-26 (0.37 xG/90)
200,Lacroix,CHE,DEF,Nailed Starter,eligible,20.04,4.01,387.5,3.89,3.59,5.12,3.62,3.82,77.5,77.5,77.5,77.5,77.5,fpl_historical_50_50,50% 2025/26 + 50% 3-season FPL career history blend
387,O'Reilly,MCI,DEF,Regular Starter,eligible,20.02,4.0,310.0,3.99,4.01,3.92,4.23,3.87,62.0,62.0,62.0,62.0,62.0,fpl_historical_50_50,50% 2025/26 + 50% 3-season FPL career history blend
480,Gibbs-White,NFO,MID,Nailed Starter,eligible,19.97,3.99,387.5,4.4,3.49,3.98,3.57,4.54,77.5,77.5,77.5,77.5,77.5,fpl_3season_career_only,100% 3-season FPL career history
201,Muñoz,CRY,DEF,Nailed Starter,eligible,19.86,3.97,387.5,3.94,4.3,3.99,3.74,3.9,77.5,77.5,77.5,77.5,77.5,fpl_3season_career_only,100% 3-season FPL career history
357,Frimpong,LIV,DEF,Regular Starter,eligible,19.68,3.94,310.0,3.97,3.9,3.96,3.94,3.9,62.0,62.0,62.0,62.0,62.0,external_3season_research,"External 3-season research: Bayer Leverkusen / Liverpool DEF 2023-26 (0.20 xG/90, 0.25 xA/90)"
427,Mbeumo,MUN,MID,Regular Starter,eligible,19.58,3.92,310.0,4.38,4.36,3.76,3.27,3.81,62.0,62.0,62.0,62.0,62.0,fpl_historical_50_50,50% 2025/26 + 50% 3-season FPL career history blend
113,F.Kadıoğlu,BHA,DEF,Nailed Starter,eligible,19.5,3.9,387.5,3.86,4.26,3.52,3.61,4.26,77.5,77.5,77.5,77.5,77.5,fpl_historical_50_50,50% 2025/26 + 50% 3-season FPL career history blend
130,Wieffer,BHA,DEF,Regular Starter,eligible,19.49,3.9,310.0,3.86,4.2,3.58,3.66,4.19,62.0,62.0,62.0,62.0,62.0,fpl_3season_career_only,100% 3-season FPL career history
350,A.Becker,LIV,GKP,Nailed Starter,eligible,19.48,3.9,387.5,4.07,3.97,3.75,3.73,3.97,77.5,77.5,77.5,77.5,77.5,fpl_historical_50_50,50% 2025/26 + 50% 3-season FPL career history blend
423,Shaw,MUN,DEF,Nailed Starter,eligible,19.44,3.89,387.5,3.54,3.53,3.92,4.49,3.96,77.5,77.5,77.5,77.5,77.5,fpl_historical_50_50,50% 2025/26 + 50% 3-season FPL career history blend
68,Tavernier,BOU,MID,Nailed Starter,eligible,19.43,3.89,387.5,3.32,4.13,4.33,4.04,3.6,77.5,77.5,77.5,77.5,77.5,fpl_3season_career_only,100% 3-season FPL career history
1,Raya,ARS,GKP,Nailed Starter,eligible,19.41,3.88,387.5,3.22,4.37,4.33,3.73,3.76,77.5,77.5,77.5,77.5,77.5,fpl_historical_50_50,50% 2025/26 + 50% 3-season FPL career history blend
55,Watkins,AVL,FWD,Nailed Starter,eligible,19.4,3.88,387.5,3.91,3.16,4.64,3.83,3.85,77.5,77.5,77.5,77.5,77.5,fpl_historical_50_50,50% 2025/26 + 50% 3-season FPL career history blend
64,Smith,BOU,DEF,Regular Starter,eligible,19.39,3.88,310.0,4.22,3.75,3.87,3.69,3.85,62.0,62.0,62.0,62.0,62.0,fpl_historical_50_50,50% 2025/26 + 50% 3-season FPL career history blend
236,Dewsbury-Hall,EVE,MID,Nailed Starter,eligible,19.36,3.87,387.5,3.85,3.85,3.57,3.84,4.25,77.5,77.5,77.5,77.5,77.5,fpl_historical_50_50,50% 2025/26 + 50% 3-season FPL career history blend
11,Mosquera,ARS,DEF,Regular Starter,eligible,19.32,3.86,310.0,3.47,4.15,4.13,3.77,3.79,62.0,62.0,62.0,62.0,62.0,fpl_historical_50_50,50% 2025/26 + 50% 3-season FPL career history blend
471,Milenković,NFO,DEF,Nailed Starter,eligible,19.22,3.84,387.5,3.34,4.31,3.79,4.38,3.41,77.5,77.5,77.5,77.5,77.5,fpl_3season_career_only,100% 3-season FPL career history
329,Rodon,LEE,DEF,Nailed Starter,eligible,19.14,3.83,387.5,3.87,3.8,3.9,3.7,3.86,77.5,77.5,77.5,77.5,77.5,fpl_historical_50_50,50% 2025/26 + 50% 3-season FPL career history blend
398,Foden,MCI,MID,Regular Starter,eligible,19.11,3.82,310.0,3.71,3.74,4.2,3.33,4.13,62.0,62.0,62.0,62.0,62.0,fpl_3season_career_only,100% 3-season FPL career history
334,Muharemović,LEE,DEF,Regular Starter,eligible,19.09,3.82,310.0,3.87,3.81,3.89,3.66,3.86,62.0,62.0,62.0,62.0,62.0,external_3season_research,External 3-season research: Sassuolo / Juventus 2024-26
389,Matheus N.,MCI,DEF,Nailed Starter,eligible,18.97,3.79,387.5,3.79,3.81,3.6,4.22,3.55,77.5,77.5,77.5,77.5,77.5,fpl_historical_50_50,50% 2025/26 + 50% 3-season FPL career history blend
257,Bassey,FUL,DEF,Nailed Starter,eligible,18.97,3.79,387.5,4.02,3.45,3.44,3.97,4.09,77.5,77.5,77.5,77.5,77.5,fpl_historical_50_50,50% 2025/26 + 50% 3-season FPL career history blend
488,Sangaré,NFO,MID,Nailed Starter,eligible,18.94,3.79,387.5,3.96,3.53,3.78,3.61,4.06,77.5,77.5,77.5,77.5,77.5,fpl_historical_50_50,50% 2025/26 + 50% 3-season FPL career history blend
338,Ampadu,LEE,MID,Nailed Starter,eligible,18.85,3.77,387.5,3.72,3.64,3.75,4.03,3.7,77.5,77.5,77.5,77.5,77.5,fpl_historical_50_50,50% 2025/26 + 50% 3-season FPL career history blend
175,van Ewijk,COV,DEF,Regular Starter,eligible,18.78,3.76,310.0,4.3,3.34,4.34,3.28,3.53,62.0,62.0,62.0,62.0,62.0,external_3season_research,External 3-season research: Coventry City DEF 2024-26
106,Thiago,BRE,FWD,Nailed Starter,eligible,18.68,3.74,387.5,3.75,3.72,4.19,3.76,3.26,77.5,77.5,77.5,77.5,77.5,fpl_historical_50_50,50% 2025/26 + 50% 3-season FPL career history blend
536,Reinildo,SUN,DEF,Nailed Starter,eligible,18.52,3.7,387.5,3.06,3.07,3.42,4.04,4.93,77.5,77.5,77.5,77.5,77.5,external_3season_research,External 3-season research: Atletico Madrid / Sunderland 2023-26
16,Madueke,ARS,MID,Regular Starter,eligible,18.5,3.7,310.0,4.24,3.36,3.32,3.77,3.8,62.0,62.0,62.0,62.0,62.0,fpl_historical_50_50,50% 2025/26 + 50% 3-season FPL career history blend
515,Maddison,TOT,MID,Regular Starter,eligible,18.4,3.68,310.0,3.51,4.17,3.59,3.57,3.57,62.0,62.0,62.0,62.0,62.0,fpl_historical_50_50,50% 2025/26 + 50% 3-season FPL career history blend
14,Eze,ARS,MID,Regular Starter,eligible,18.35,3.67,310.0,4.24,3.31,3.28,3.74,3.78,62.0,62.0,62.0,62.0,62.0,fpl_3season_career_only,100% 3-season FPL career history
542,E.Le Fée,SUN,MID,Nailed Starter,eligible,18.18,3.64,387.5,4.08,4.09,3.57,3.3,3.14,77.5,77.5,77.5,77.5,77.5,external_3season_research,External 3-season research: Rennes / Roma / Sunderland 2023-26
248,Beto,EVE,FWD,Regular Starter,eligible,18.13,3.63,310.0,3.6,3.6,2.98,3.59,4.36,62.0,62.0,62.0,62.0,62.0,fpl_3season_career_only,100% 3-season FPL career history
336,Okafor,LEE,MID,Regular Starter,eligible,18.1,3.62,310.0,3.53,3.45,3.56,4.06,3.51,62.0,62.0,62.0,62.0,62.0,external_3season_research,External 3-season research: AC Milan / Leeds 2023-26 (0.33 xG/90)
278,Hughes,HUL,DEF,Regular Starter,eligible,17.87,3.57,310.0,3.87,3.2,3.43,3.77,3.6,62.0,62.0,62.0,62.0,62.0,external_3season_research,External 3-season research: Preston North End 2024-26
428,Cunha,MUN,MID,Regular Starter,eligible,17.83,3.57,310.0,3.96,3.94,3.43,3.02,3.47,62.0,62.0,62.0,62.0,62.0,fpl_3season_career_only,100% 3-season FPL career history
255,J.Cuenca,FUL,DEF,Regular Starter,eligible,17.82,3.56,310.0,3.77,3.25,3.24,3.73,3.82,62.0,62.0,62.0,62.0,62.0,fpl_3season_career_only,100% 3-season FPL career history
69,Scott,BOU,MID,Nailed Starter,eligible,17.81,3.56,387.5,3.47,3.61,3.75,3.54,3.44,77.5,77.5,77.5,77.5,77.5,fpl_3season_career_only,100% 3-season FPL career history
88,Kayode,BRE,DEF,Nailed Starter,eligible,17.75,3.55,387.5,3.52,3.5,3.04,3.52,4.16,77.5,77.5,77.5,77.5,77.5,fpl_historical_50_50,50% 2025/26 + 50% 3-season FPL career history blend
86,Lewis-Potter,BRE,MID,Regular Starter,eligible,17.75,3.55,310.0,3.55,3.53,4.0,3.56,3.11,62.0,62.0,62.0,62.0,62.0,fpl_historical_50_50,50% 2025/26 + 50% 3-season FPL career history blend
544,Xhaka,SUN,MID,Nailed Starter,eligible,17.54,3.51,387.5,3.75,3.76,3.43,3.31,3.29,77.5,77.5,77.5,77.5,77.5,fpl_historical_50_50,50% 2025/26 + 50% 3-season FPL career history blend
474,Jair Cunha,NFO,DEF,Regular Starter,eligible,17.38,3.48,310.0,3.09,3.84,3.44,3.89,3.14,62.0,62.0,62.0,62.0,62.0,fpl_historical_50_50,50% 2025/26 + 50% 3-season FPL career history blend
203,Canvot,CRY,DEF,Regular Starter,eligible,17.37,3.47,310.0,3.44,3.86,3.48,3.17,3.42,62.0,62.0,62.0,62.0,62.0,fpl_3season_career_only,100% 3-season FPL career history
310,Matusiwa,IPS,MID,Regular Starter,eligible,17.3,3.46,310.0,4.04,3.15,3.04,3.54,3.54,62.0,62.0,62.0,62.0,62.0,fpl_2025_26_only,100% 2025/26 FPL season history
182,Amenda,COV,DEF,Regular Starter,eligible,17.27,3.45,310.0,4.29,2.79,4.33,2.74,3.12,62.0,62.0,62.0,62.0,62.0,external_3season_research,External 3-season research: Young Boys / Eintracht Frankfurt 2024-26
211,Yeremy,CRY,MID,Regular Starter,eligible,17.05,3.41,310.0,3.4,3.01,3.45,3.83,3.37,62.0,62.0,62.0,62.0,62.0,external_3season_research,External 3-season research: Villarreal / Crystal Palace 2023-26
155,Enzo,CHE,MID,Regular Starter,eligible,16.94,3.39,310.0,3.39,3.73,2.73,3.77,3.32,62.0,62.0,62.0,62.0,62.0,fpl_3season_career_only,100% 3-season FPL career history
15,Ødegaard,ARS,MID,Regular Starter,eligible,16.86,3.37,310.0,3.77,3.12,3.09,3.42,3.45,62.0,62.0,62.0,62.0,62.0,fpl_3season_career_only,100% 3-season FPL career history
115,De Cuyper,BHA,DEF,Regular Starter,eligible,16.85,3.37,310.0,3.33,3.51,3.22,3.29,3.5,62.0,62.0,62.0,62.0,62.0,fpl_3season_career_only,100% 3-season FPL career history
5,J.Timber,ARS,DEF,Regular Starter,exclude_gw1,16.73,3.35,248.0,0.0,4.32,4.3,4.04,4.06,0.0,62.0,62.0,62.0,62.0,fpl_historical_50_50,50% 2025/26 + 50% 3-season FPL career history blend
124,Groß,BHA,MID,Nailed Starter,eligible,16.67,3.33,387.5,3.34,3.11,3.51,3.61,3.1,77.5,77.5,77.5,77.5,77.5,fpl_historical_50_50,50% 2025/26 + 50% 3-season FPL career history blend
261,Iwobi,FUL,MID,Nailed Starter,eligible,16.61,3.32,387.5,3.24,3.43,3.42,3.19,3.32,77.5,77.5,77.5,77.5,77.5,fpl_historical_50_50,50% 2025/26 + 50% 3-season FPL career history blend
19,Zubimendi,ARS,MID,Regular Starter,eligible,16.58,3.32,310.0,3.6,3.14,3.11,3.35,3.38,62.0,62.0,62.0,62.0,62.0,fpl_historical_50_50,50% 2025/26 + 50% 3-season FPL career history blend
186,Mason-Clark,COV,MID,Regular Starter,eligible,16.54,3.31,310.0,2.68,3.92,2.72,3.83,3.4,62.0,62.0,62.0,62.0,62.0,external_3season_research,External 3-season research: Coventry City MID 2024-26
358,Kerkez,LIV,DEF,Nailed Starter,eligible,16.49,3.3,387.5,3.49,3.42,3.08,3.07,3.43,77.5,77.5,77.5,77.5,77.5,fpl_historical_50_50,50% 2025/26 + 50% 3-season FPL career history blend
366,Wirtz,LIV,MID,Nailed Starter,eligible,16.47,3.29,387.5,3.28,3.2,3.4,3.38,3.2,77.5,77.5,77.5,77.5,77.5,fpl_historical_50_50,50% 2025/26 + 50% 3-season FPL career history blend
47,Kamara,AVL,MID,Nailed Starter,watch,16.45,3.29,387.5,3.31,3.11,3.49,3.26,3.27,77.5,77.5,77.5,77.5,77.5,fpl_historical_50_50,50% 2025/26 + 50% 3-season FPL career history blend
116,Dunk,BHA,DEF,Nailed Starter,eligible,16.44,3.29,387.5,3.24,3.76,2.82,2.88,3.75,77.5,77.5,77.5,77.5,77.5,fpl_historical_50_50,50% 2025/26 + 50% 3-season FPL career history blend
280,Coyle,HUL,DEF,Regular Starter,eligible,16.43,3.29,310.0,3.6,2.88,3.14,3.52,3.29,62.0,62.0,62.0,62.0,62.0,external_3season_research,External 3-season research: Hull City DEF 2024-26
40,Rogers,CHE,MID,Nailed Starter,eligible,16.41,3.28,387.5,3.28,3.41,3.06,3.45,3.21,77.5,77.5,77.5,77.5,77.5,fpl_historical_50_50,50% 2025/26 + 50% 3-season FPL career history blend
372,Mac Allister,LIV,MID,Nailed Starter,watch,16.37,3.27,387.5,3.27,3.19,3.37,3.35,3.19,77.5,77.5,77.5,77.5,77.5,fpl_historical_50_50,50% 2025/26 + 50% 3-season FPL career history blend
525,Fernandes,TOT,MID,Regular Starter,eligible,16.3,3.26,310.0,3.14,3.59,3.2,3.19,3.18,62.0,62.0,62.0,62.0,62.0,fpl_historical_50_50,50% 2025/26 + 50% 3-season FPL career history blend
286,Belloumi,HUL,MID,Regular Starter,eligible,16.24,3.25,310.0,2.97,3.71,3.24,2.86,3.46,62.0,62.0,62.0,62.0,62.0,external_3season_research,External 3-season research: Farense / Hull City 2024-26
335,Stach,LEE,MID,Nailed Starter,eligible,16.23,3.25,387.5,3.21,3.15,3.24,3.43,3.2,77.5,77.5,77.5,77.5,77.5,external_3season_research,External 3-season research: Hoffenheim / Leeds 2023-26 (5.71 def actions/90)
472,Murillo,NFO,DEF,Nailed Starter,watch,16.22,3.24,387.5,2.71,3.76,3.18,3.82,2.76,77.5,77.5,77.5,77.5,77.5,fpl_3season_career_only,100% 3-season FPL career history
18,Martinelli,ARS,MID,Regular Starter,eligible,16.22,3.24,310.0,3.59,3.03,3.0,3.29,3.31,62.0,62.0,62.0,62.0,62.0,fpl_historical_50_50,50% 2025/26 + 50% 3-season FPL career history blend
331,Gudmundsson,LEE,DEF,Nailed Starter,eligible,16.18,3.24,387.5,3.32,3.27,3.34,2.93,3.31,77.5,77.5,77.5,77.5,77.5,external_3season_research,External 3-season research: Lille / Leeds 2023-26 (6.15 def actions/90)
32,Cash,AVL,DEF,Nailed Starter,eligible,16.06,3.21,387.5,3.2,3.73,2.78,3.17,3.18,77.5,77.5,77.5,77.5,77.5,fpl_historical_50_50,50% 2025/26 + 50% 3-season FPL career history blend
10,White,ARS,DEF,Regular Starter,watch,16.04,3.21,310.0,2.76,3.54,3.53,3.1,3.11,62.0,62.0,62.0,62.0,62.0,fpl_historical_50_50,50% 2025/26 + 50% 3-season FPL career history blend
419,Martinez,MUN,DEF,Regular Starter,watch,15.99,3.2,310.0,2.99,2.98,3.2,3.58,3.23,62.0,62.0,62.0,62.0,62.0,fpl_historical_50_50,50% 2025/26 + 50% 3-season FPL career history blend
356,Virgil,LIV,DEF,Nailed Starter,eligible,15.98,3.2,387.5,3.41,3.34,2.95,2.94,3.35,77.5,77.5,77.5,77.5,77.5,fpl_historical_50_50,50% 2025/26 + 50% 3-season FPL career history blend
12,Saka,ARS,MID,Regular Starter,watch,15.96,3.19,310.0,3.56,2.97,2.94,3.24,3.26,62.0,62.0,62.0,62.0,62.0,fpl_historical_50_50,50% 2025/26 + 50% 3-season FPL career history blend
229,Tarkowski,EVE,DEF,Nailed Starter,eligible,15.95,3.19,387.5,3.14,3.14,3.83,3.14,2.7,77.5,77.5,77.5,77.5,77.5,fpl_historical_50_50,50% 2025/26 + 50% 3-season FPL career history blend
85,Van den Berg,BRE,DEF,Regular Starter,eligible,15.95,3.19,310.0,3.17,3.16,2.81,3.17,3.65,62.0,62.0,62.0,62.0,62.0,fpl_historical_50_50,50% 2025/26 + 50% 3-season FPL career history blend
388,Guéhi,MCI,DEF,Regular Starter,eligible,15.94,3.19,310.0,3.21,3.22,2.95,3.65,2.92,62.0,62.0,62.0,62.0,62.0,fpl_historical_50_50,50% 2025/26 + 50% 3-season FPL career history blend
332,Justin,LEE,DEF,Regular Starter,eligible,15.88,3.18,310.0,3.23,3.19,3.25,2.99,3.22,62.0,62.0,62.0,62.0,62.0,fpl_historical_50_50,50% 2025/26 + 50% 3-season FPL career history blend
226,Pickford,EVE,GKP,Nailed Starter,eligible,15.81,3.16,387.5,3.12,3.12,3.79,3.11,2.67,77.5,77.5,77.5,77.5,77.5,fpl_historical_50_50,50% 2025/26 + 50% 3-season FPL career history blend
473,Aina,NFO,DEF,Nailed Starter,eligible,15.8,3.16,387.5,2.65,3.65,3.09,3.7,2.71,77.5,77.5,77.5,77.5,77.5,fpl_historical_50_50,50% 2025/26 + 50% 3-season FPL career history blend
315,Fatawu,IPS,MID,Regular Starter,eligible,15.77,3.15,310.0,3.37,3.07,2.98,3.17,3.18,62.0,62.0,62.0,62.0,62.0,fpl_3season_career_only,100% 3-season FPL career history
188,Torp,COV,MID,Regular Starter,eligible,15.77,3.15,310.0,2.64,3.66,2.67,3.58,3.22,62.0,62.0,62.0,62.0,62.0,external_3season_research,External 3-season research: Coventry City MID 2024-26
57,Petrović,BOU,GKP,Nailed Starter,eligible,15.75,3.15,387.5,4.5,2.62,2.77,2.54,3.32,77.5,77.5,77.5,77.5,77.5,fpl_3season_career_only,100% 3-season FPL career history
481,Anderson,MCI,MID,Regular Starter,eligible,15.74,3.15,310.0,3.11,3.13,3.22,3.09,3.19,62.0,62.0,62.0,62.0,62.0,fpl_3season_career_only,100% 3-season FPL career history
362,Jacquet,LIV,DEF,Regular Starter,eligible,15.72,3.14,310.0,3.31,3.26,2.95,2.94,3.26,62.0,62.0,62.0,62.0,62.0,external_3season_research,External 3-season research: Rennes / Clermont 2024-26
172,Wilson,COV,GKP,Regular Starter,eligible,15.7,3.14,310.0,3.99,2.45,4.04,2.39,2.83,62.0,62.0,62.0,62.0,62.0,external_3season_research,External 3-season research: Coventry City GKP 2024-26 match logs
204,Mitchell,CRY,DEF,Nailed Starter,eligible,15.69,3.14,387.5,3.1,3.66,3.14,2.72,3.08,77.5,77.5,77.5,77.5,77.5,fpl_3season_career_only,100% 3-season FPL career history
267,Lukić,FUL,MID,Regular Starter,eligible,15.62,3.12,310.0,2.98,3.32,3.31,2.94,3.05,62.0,62.0,62.0,62.0,62.0,fpl_historical_50_50,50% 2025/26 + 50% 3-season FPL career history blend
142,James,CHE,DEF,Regular Starter,eligible,15.6,3.12,310.0,3.06,2.75,4.01,2.77,3.02,62.0,62.0,62.0,62.0,62.0,fpl_3season_career_only,100% 3-season FPL career history
526,Solanke,TOT,FWD,Regular Starter,eligible,15.56,3.11,310.0,2.95,3.56,3.03,3.01,3.01,62.0,62.0,62.0,62.0,62.0,fpl_historical_50_50,50% 2025/26 + 50% 3-season FPL career history blend
67,Rayan,BOU,MID,Nailed Starter,eligible,15.51,3.1,387.5,3.01,3.15,3.28,3.08,3.0,77.5,77.5,77.5,77.5,77.5,fpl_historical_50_50,50% 2025/26 + 50% 3-season FPL career history blend
36,Maatsen,AVL,DEF,Regular Starter,eligible,15.46,3.09,310.0,3.08,3.43,2.83,3.05,3.06,62.0,62.0,62.0,62.0,62.0,fpl_historical_50_50,50% 2025/26 + 50% 3-season FPL career history blend
455,Tonali,TOT,MID,Regular Starter,eligible,15.4,3.08,310.0,2.99,3.27,3.05,3.04,3.04,62.0,62.0,62.0,62.0,62.0,fpl_historical_50_50,50% 2025/26 + 50% 3-season FPL career history blend
258,Castagne,FUL,DEF,Regular Starter,eligible,15.28,3.06,310.0,3.23,2.79,2.78,3.2,3.28,62.0,62.0,62.0,62.0,62.0,fpl_historical_50_50,50% 2025/26 + 50% 3-season FPL career history blend
232,O'Brien,EVE,DEF,Regular Starter,eligible,15.08,3.02,310.0,2.98,2.98,3.53,2.98,2.61,62.0,62.0,62.0,62.0,62.0,fpl_historical_50_50,50% 2025/26 + 50% 3-season FPL career history blend
545,Sadiki,SUN,MID,Nailed Starter,eligible,15.01,3.0,387.5,3.11,3.11,2.92,2.89,2.97,77.5,77.5,77.5,77.5,77.5,external_3season_research,External 3-season research: Union SG / Sunderland 2023-26
260,Wilson,LEE,MID,Regular Starter,eligible,14.99,3.0,310.0,2.96,2.9,2.98,3.21,2.95,62.0,62.0,62.0,62.0,62.0,fpl_historical_50_50,50% 2025/26 + 50% 3-season FPL career history blend
97,Jensen,BRE,MID,Regular Starter,eligible,14.94,2.99,310.0,2.99,2.98,3.24,2.99,2.75,62.0,62.0,62.0,62.0,62.0,fpl_historical_50_50,50% 2025/26 + 50% 3-season FPL career history blend
469,N.Williams,NFO,DEF,Nailed Starter,eligible,14.93,2.99,387.5,2.45,3.51,2.92,3.56,2.5,77.5,77.5,77.5,77.5,77.5,fpl_historical_50_50,50% 2025/26 + 50% 3-season FPL career history blend
442,Pope,NEW,GKP,Regular Starter,eligible,14.83,2.97,310.0,3.37,2.92,2.96,2.89,2.69,62.0,62.0,62.0,62.0,62.0,fpl_historical_50_50,50% 2025/26 + 50% 3-season FPL career history blend
467,Sels,NFO,GKP,Nailed Starter,eligible,14.83,2.97,387.5,2.3,3.57,2.91,3.67,2.38,77.5,77.5,77.5,77.5,77.5,fpl_3season_career_only,100% 3-season FPL career history
37,Lindelöf,AVL,DEF,Regular Starter,eligible,14.79,2.96,310.0,2.95,3.35,2.63,2.93,2.93,62.0,62.0,62.0,62.0,62.0,fpl_historical_50_50,50% 2025/26 + 50% 3-season FPL career history blend
73,Adams,BOU,MID,Nailed Starter,eligible,14.78,2.96,387.5,3.17,2.88,2.97,2.83,2.93,77.5,77.5,77.5,77.5,77.5,fpl_historical_50_50,50% 2025/26 + 50% 3-season FPL career history blend
140,Sánchez,CHE,GKP,Nailed Starter,eligible,14.76,2.95,387.5,2.86,2.23,4.62,2.26,2.78,77.5,77.5,77.5,77.5,77.5,fpl_3season_career_only,100% 3-season FPL career history
512,Kudus,TOT,MID,Regular Starter,watch,14.71,2.94,310.0,2.84,3.21,2.89,2.88,2.88,62.0,62.0,62.0,62.0,62.0,fpl_3season_career_only,100% 3-season FPL career history
13,Rice,ARS,MID,Regular Starter,eligible,14.68,2.94,310.0,3.11,2.83,2.81,2.95,2.97,62.0,62.0,62.0,62.0,62.0,fpl_3season_career_only,100% 3-season FPL career history
159,Caicedo,CHE,MID,Nailed Starter,eligible,14.6,2.92,387.5,2.91,2.87,3.08,2.89,2.86,77.5,77.5,77.5,77.5,77.5,fpl_3season_career_only,100% 3-season FPL career history
41,Buendía,AVL,MID,Regular Starter,eligible,14.59,2.92,310.0,2.94,2.76,3.09,2.9,2.91,62.0,62.0,62.0,62.0,62.0,fpl_historical_50_50,50% 2025/26 + 50% 3-season FPL career history blend
214,Kamada,CRY,MID,Regular Starter,eligible,14.54,2.91,310.0,2.9,2.81,2.93,3.02,2.88,62.0,62.0,62.0,62.0,62.0,fpl_3season_career_only,100% 3-season FPL career history
371,Gravenberch,LIV,MID,Nailed Starter,eligible,14.54,2.91,387.5,2.94,2.88,2.93,2.91,2.88,77.5,77.5,77.5,77.5,77.5,fpl_historical_50_50,50% 2025/26 + 50% 3-season FPL career history blend
28,Martinez,AVL,GKP,Nailed Starter,eligible,14.54,2.91,387.5,2.91,3.54,2.36,2.85,2.87,77.5,77.5,77.5,77.5,77.5,fpl_3season_career_only,100% 3-season FPL career history
202,Richards,CRY,DEF,Nailed Starter,eligible,14.27,2.85,387.5,2.81,3.31,2.84,2.52,2.79,77.5,77.5,77.5,77.5,77.5,fpl_historical_50_50,50% 2025/26 + 50% 3-season FPL career history blend
295,McBurnie,HUL,FWD,Regular Starter,eligible,14.24,2.85,310.0,2.52,3.35,2.86,2.44,3.06,62.0,62.0,62.0,62.0,62.0,fpl_historical_50_50,50% 2025/26 + 50% 3-season FPL career history blend
552,Brobbey,SUN,FWD,Nailed Starter,eligible,14.17,2.83,387.5,3.19,3.2,2.81,2.58,2.39,77.5,77.5,77.5,77.5,77.5,fpl_historical_50_50,50% 2025/26 + 50% 3-season FPL career history blend
246,Röhl,EVE,MID,Regular Starter,eligible,14.13,2.83,310.0,2.81,2.81,2.76,2.81,2.94,62.0,62.0,62.0,62.0,62.0,fpl_historical_50_50,50% 2025/26 + 50% 3-season FPL career history blend
304,O'Shea,IPS,DEF,Regular Starter,eligible,14.09,2.82,310.0,2.29,3.26,3.18,2.68,2.68,62.0,62.0,62.0,62.0,62.0,fpl_historical_50_50,50% 2025/26 + 50% 3-season FPL career history blend
367,Gakpo,LIV,MID,Regular Starter,eligible,14.04,2.81,310.0,2.77,2.72,2.92,2.91,2.72,62.0,62.0,62.0,62.0,62.0,fpl_historical_50_50,50% 2025/26 + 50% 3-season FPL career history blend
45,McGinn,AVL,MID,Regular Starter,eligible,14.03,2.81,310.0,2.82,2.59,3.04,2.79,2.79,62.0,62.0,62.0,62.0,62.0,fpl_3season_career_only,100% 3-season FPL career history
313,Clarke,IPS,MID,Regular Starter,eligible,14.02,2.8,310.0,2.94,2.76,2.69,2.81,2.81,62.0,62.0,62.0,62.0,62.0,fpl_3season_career_only,100% 3-season FPL career history
503,Van de Ven,TOT,DEF,Nailed Starter,eligible,13.98,2.8,387.5,2.84,2.5,2.89,2.88,2.88,77.5,77.5,77.5,77.5,77.5,fpl_3season_career_only,100% 3-season FPL career history
149,Colwill,CHE,DEF,Nailed Starter,eligible,13.92,2.78,387.5,2.64,2.12,4.42,2.14,2.6,77.5,77.5,77.5,77.5,77.5,fpl_historical_50_50,50% 2025/26 + 50% 3-season FPL career history blend
247,Hackney,EVE,MID,Regular Starter,eligible,13.88,2.78,310.0,2.76,2.76,2.64,2.76,2.96,62.0,62.0,62.0,62.0,62.0,external_3season_research,External 3-season research: Middlesbrough 2024-26 (Championship POTS)
109,Verbruggen,BHA,GKP,Nailed Starter,eligible,13.87,2.77,387.5,2.72,3.36,2.18,2.25,3.36,77.5,77.5,77.5,77.5,77.5,fpl_historical_50_50,50% 2025/26 + 50% 3-season FPL career history blend
112,Van Hecke,TOT,DEF,Regular Starter,eligible,13.8,2.76,310.0,2.79,2.54,2.83,2.82,2.82,62.0,62.0,62.0,62.0,62.0,fpl_3season_career_only,100% 3-season FPL career history
222,Strand Larsen,CRY,FWD,Regular Starter,eligible,13.63,2.73,310.0,2.72,2.37,2.76,3.08,2.7,62.0,62.0,62.0,62.0,62.0,fpl_3season_career_only,100% 3-season FPL career history
104,Onyeka,COV,MID,Regular Starter,eligible,13.56,2.71,310.0,2.4,3.03,2.43,2.98,2.72,62.0,62.0,62.0,62.0,62.0,fpl_3season_career_only,100% 3-season FPL career history
102,Yarmoliuk,BRE,MID,Regular Starter,eligible,13.46,2.69,310.0,2.69,2.68,2.7,2.7,2.7,62.0,62.0,62.0,62.0,62.0,fpl_3season_career_only,100% 3-season FPL career history
558,Schlager,NFO,MID,Regular Starter,eligible,13.44,2.69,310.0,2.75,2.58,2.68,2.63,2.8,62.0,62.0,62.0,62.0,62.0,external_3season_research,External 3-season research: RB Leipzig 2024-26
46,Barkley,AVL,MID,Regular Starter,eligible,13.41,2.68,310.0,2.69,2.46,2.93,2.66,2.67,62.0,62.0,62.0,62.0,62.0,fpl_3season_career_only,100% 3-season FPL career history
184,Grimes,COV,MID,Regular Starter,eligible,13.4,2.68,310.0,2.49,2.88,2.52,2.82,2.69,62.0,62.0,62.0,62.0,62.0,external_3season_research,External 3-season research: Swansea / Coventry City 2024-26
131,Baleba,BHA,MID,Regular Starter,eligible,13.31,2.66,310.0,2.67,2.62,2.68,2.74,2.61,62.0,62.0,62.0,62.0,62.0,fpl_3season_career_only,100% 3-season FPL career history
34,Pau,AVL,DEF,Regular Starter,eligible,13.27,2.65,310.0,2.64,3.1,2.28,2.62,2.63,62.0,62.0,62.0,62.0,62.0,fpl_3season_career_only,100% 3-season FPL career history
62,Diakité,BOU,DEF,Regular Starter,eligible,13.27,2.65,310.0,3.76,2.22,2.28,2.19,2.81,62.0,62.0,62.0,62.0,62.0,fpl_3season_career_only,100% 3-season FPL career history
274,Butland,HUL,GKP,Regular Starter,eligible,13.26,2.65,310.0,3.11,2.06,2.46,2.99,2.65,62.0,62.0,62.0,62.0,62.0,fallback_baseline,Position baseline (GKP) fallback due to <450 mins sample
148,Hato,CHE,DEF,Regular Starter,eligible,13.07,2.61,310.0,2.51,2.14,3.77,2.16,2.48,62.0,62.0,62.0,62.0,62.0,fpl_historical_50_50,50% 2025/26 + 50% 3-season FPL career history blend
506,Udogie,TOT,DEF,Regular Starter,eligible,13.04,2.61,310.0,2.65,2.35,2.69,2.68,2.68,62.0,62.0,62.0,62.0,62.0,fpl_historical_50_50,50% 2025/26 + 50% 3-season FPL career history blend
259,Diop,IPS,DEF,Regular Starter,eligible,13.02,2.6,310.0,2.09,3.03,2.96,2.47,2.47,62.0,62.0,62.0,62.0,62.0,fpl_historical_50_50,50% 2025/26 + 50% 3-season FPL career history blend
233,Mykolenko,EVE,DEF,Regular Starter,eligible,12.99,2.6,310.0,2.56,2.56,3.08,2.56,2.23,62.0,62.0,62.0,62.0,62.0,fpl_historical_50_50,50% 2025/26 + 50% 3-season FPL career history blend
290,Slater,HUL,MID,Regular Starter,eligible,12.91,2.58,310.0,2.62,2.56,2.53,2.53,2.68,62.0,62.0,62.0,62.0,62.0,fpl_2025_26_only,100% 2025/26 FPL season history
198,Henderson,CRY,GKP,Nailed Starter,eligible,12.81,2.56,387.5,2.52,3.18,2.56,2.06,2.5,77.5,77.5,77.5,77.5,77.5,fpl_historical_50_50,50% 2025/26 + 50% 3-season FPL career history blend
210,Wharton,CRY,MID,Regular Starter,watch,12.81,2.56,310.0,2.55,2.48,2.58,2.66,2.54,62.0,62.0,62.0,62.0,62.0,fpl_historical_50_50,50% 2025/26 + 50% 3-season FPL career history blend
306,Greaves,IPS,DEF,Regular Starter,eligible,12.79,2.56,310.0,2.04,3.0,2.92,2.41,2.41,62.0,62.0,62.0,62.0,62.0,fpl_3season_career_only,100% 3-season FPL career history
491,Igor Jesus,NFO,FWD,Regular Starter,eligible,12.63,2.53,310.0,2.72,2.28,2.53,2.32,2.78,62.0,62.0,62.0,62.0,62.0,fpl_historical_50_50,50% 2025/26 + 50% 3-season FPL career history blend
330,Bogle,LEE,DEF,Regular Starter,eligible,12.11,2.42,310.0,2.49,2.46,2.5,2.18,2.48,62.0,62.0,62.0,62.0,62.0,fpl_historical_50_50,50% 2025/26 + 50% 3-season FPL career history blend
190,Tchaouna,COV,MID,Regular Starter,eligible,11.97,2.39,310.0,2.41,2.41,2.44,2.37,2.34,62.0,62.0,62.0,62.0,62.0,fpl_historical_50_50,50% 2025/26 + 50% 3-season FPL career history blend
316,Emersonn,IPS,FWD,Regular Starter,eligible,11.94,2.39,310.0,2.54,2.33,2.24,2.42,2.42,62.0,62.0,62.0,62.0,62.0,fpl_2025_26_only,100% 2025/26 FPL season history
292,Ömür,HUL,MID,Regular Starter,eligible,11.7,2.34,310.0,2.38,2.31,2.29,2.3,2.41,62.0,62.0,62.0,62.0,62.0,fpl_2025_26_only,100% 2025/26 FPL season history
496,Kinsky,TOT,GKP,Regular Starter,eligible,11.5,2.3,310.0,2.35,1.98,2.4,2.39,2.39,62.0,62.0,62.0,62.0,62.0,fpl_3season_career_only,100% 3-season FPL career history
402,Rodrigo,MCI,MID,Regular Starter,exclude_gw1,11.49,2.3,248.0,0.0,2.85,2.96,2.75,2.93,0.0,62.0,62.0,62.0,62.0,fpl_historical_50_50,50% 2025/26 + 50% 3-season FPL career history blend
239,Garner,EVE,MID,Regular Starter,exclude_gw1,11.27,2.25,248.0,0.0,2.8,2.69,2.8,2.98,0.0,62.0,62.0,62.0,62.0,fpl_historical_50_50,50% 2025/26 + 50% 3-season FPL career history blend
265,Berge,FUL,MID,Regular Starter,eligible,11.16,2.23,310.0,2.23,2.23,2.22,2.21,2.27,62.0,62.0,62.0,62.0,62.0,fpl_3season_career_only,100% 3-season FPL career history
193,Wright,COV,FWD,Regular Starter,eligible,10.42,2.08,310.0,1.97,2.19,2.0,2.15,2.1,62.0,62.0,62.0,62.0,62.0,fpl_2025_26_only,100% 2025/26 FPL season history
359,Gomez,LIV,DEF,Regular Starter,exclude_gw1,10.26,2.05,248.0,0.0,2.73,2.4,2.39,2.73,0.0,62.0,62.0,62.0,62.0,fpl_3season_career_only,100% 3-season FPL career history
277,Egan,HUL,DEF,Regular Starter,eligible,6.51,1.3,310.0,1.73,0.74,1.13,1.69,1.21,62.0,62.0,62.0,62.0,62.0,fpl_3season_career_only,100% 3-season FPL career history
6,Saliba,ARS,DEF,Nailed Starter,exclude_gw1-5,0.0,0.0,0.0,0.0,0.0,0.0,0.0,0.0,0.0,0.0,0.0,0.0,0.0,fpl_historical_50_50,50% 2025/26 + 50% 3-season FPL career history blend
78,Kroupi.Jr,BOU,MID,Nailed Starter,exclude_gw1-5,0.0,0.0,0.0,0.0,0.0,0.0,0.0,0.0,0.0,0.0,0.0,0.0,0.0,fpl_3season_career_only,100% 3-season FPL career history
