set_label,gameweek,starter_1,starter_2,starter_3,bench_1,bench_2,lineup_mod_fdr_sum,lineup_avg_def_fdr
"Pure Budget (Double COV) [£21.0m, Total FDR 139.25]",1,Aina (NFO) vs LEE (H) [1.75],O'Nien (SUN) vs IPS (A) [2.25],Rodon (LEE) vs NFO (A) [3.25],Thomas (COV) vs ARS (A) [5.25],van Ewijk (COV) vs ARS (A) [5.25],7.25,2.417
"Pure Budget (Double COV) [£21.0m, Total FDR 139.25]",2,Thomas (COV) vs HUL (H) [1.75],van Ewijk (COV) vs HUL (H) [1.75],O'Nien (SUN) vs FUL (H) [1.75],Rodon (LEE) vs BRE (H) [2.75],Aina (NFO) vs LIV (A) [4.25],5.25,1.75
"Pure Budget (Double COV) [£21.0m, Total FDR 139.25]",3,Aina (NFO) vs TOT (H) [2.75],Rodon (LEE) vs BHA (A) [3.25],O'Nien (SUN) vs BRE (A) [3.25],Thomas (COV) vs MCI (A) [5.25],van Ewijk (COV) vs MCI (A) [5.25],9.25,3.083
"Pure Budget (Double COV) [£21.0m, Total FDR 139.25]",4,Thomas (COV) vs BHA (H) [1.75],van Ewijk (COV) vs BHA (H) [1.75],Rodon (LEE) vs NEW (H) [1.75],O'Nien (SUN) vs ARS (H) [3.75],Aina (NFO) vs AVL (A) [4.25],5.25,1.75
"Pure Budget (Double COV) [£21.0m, Total FDR 139.25]",5,Aina (NFO) vs COV (H) [1.75],Rodon (LEE) vs CRY (H) [2.75],Thomas (COV) vs NFO (A) [3.25],van Ewijk (COV) vs NFO (A) [3.25],O'Nien (SUN) vs MCI (A) [5.25],7.75,2.583
"Pure Budget (Double COV) [£21.0m, Total FDR 139.25]",6,Thomas (COV) vs NEW (H) [1.75],van Ewijk (COV) vs NEW (H) [1.75],O'Nien (SUN) vs BHA (H) [1.75],Aina (NFO) vs CRY (A) [3.25],Rodon (LEE) vs ARS (A) [5.25],5.25,1.75
"Pure Budget (Double COV) [£21.0m, Total FDR 139.25]",7,Thomas (COV) vs TOT (A) [3.25],van Ewijk (COV) vs TOT (A) [3.25],O'Nien (SUN) vs BOU (A) [3.25],Rodon (LEE) vs MUN (H) [3.75],Aina (NFO) vs ARS (H) [3.75],9.75,3.25
"Pure Budget (Double COV) [£21.0m, Total FDR 139.25]",8,Thomas (COV) vs FUL (H) [1.75],van Ewijk (COV) vs FUL (H) [1.75],O'Nien (SUN) vs LEE (H) [1.75],Aina (NFO) vs IPS (A) [2.25],Rodon (LEE) vs SUN (A) [3.25],5.25,1.75
"Pure Budget (Double COV) [£21.0m, Total FDR 139.25]",9,Thomas (COV) vs SUN (H) [1.75],van Ewijk (COV) vs SUN (H) [1.75],O'Nien (SUN) vs COV (A) [2.25],Rodon (LEE) vs BOU (A) [3.25],Aina (NFO) vs BRE (A) [3.25],5.75,1.917
"Pure Budget (Double COV) [£21.0m, Total FDR 139.25]",10,Rodon (LEE) vs TOT (H) [2.75],Thomas (COV) vs EVE (A) [3.25],van Ewijk (COV) vs EVE (A) [3.25],Aina (NFO) vs MCI (H) [3.75],O'Nien (SUN) vs CHE (H) [3.75],9.25,3.083
"Pure Budget (Double COV) [£21.0m, Total FDR 139.25]",11,Thomas (COV) vs CRY (H) [2.75],van Ewijk (COV) vs CRY (H) [2.75],Aina (NFO) vs BOU (A) [3.25],Rodon (LEE) vs CHE (A) [4.25],O'Nien (SUN) vs AVL (A) [4.25],8.75,2.917
"Pure Budget (Double COV) [£21.0m, Total FDR 139.25]",12,Rodon (LEE) vs COV (H) [1.75],O'Nien (SUN) vs TOT (H) [2.75],Thomas (COV) vs LEE (A) [3.25],van Ewijk (COV) vs LEE (A) [3.25],Aina (NFO) vs CHE (H) [3.75],7.75,2.583
"Pure Budget (Double COV) [£21.0m, Total FDR 139.25]",13,Thomas (COV) vs IPS (H) [1.75],van Ewijk (COV) vs IPS (H) [1.75],Aina (NFO) vs HUL (A) [2.25],O'Nien (SUN) vs LIV (A) [4.25],Rodon (LEE) vs MCI (A) [5.25],5.75,1.917
"Pure Budget (Double COV) [£21.0m, Total FDR 139.25]",14,Rodon (LEE) vs IPS (H) [1.75],Aina (NFO) vs BHA (H) [1.75],O'Nien (SUN) vs NEW (A) [3.25],Thomas (COV) vs MUN (A) [4.25],van Ewijk (COV) vs MUN (A) [4.25],6.75,2.25
"Pure Budget (Double COV) [£21.0m, Total FDR 139.25]",15,Thomas (COV) vs AVL (H) [2.75],van Ewijk (COV) vs AVL (H) [2.75],O'Nien (SUN) vs NFO (H) [2.75],Aina (NFO) vs SUN (A) [3.25],Rodon (LEE) vs LIV (A) [4.25],8.25,2.75
"Pure Budget (Double COV) [£21.0m, Total FDR 139.25]",16,Rodon (LEE) vs FUL (H) [1.75],Aina (NFO) vs EVE (H) [2.75],O'Nien (SUN) vs CRY (H) [2.75],Thomas (COV) vs BOU (A) [3.25],van Ewijk (COV) vs BOU (A) [3.25],7.25,2.417
"Pure Budget (Double COV) [£21.0m, Total FDR 139.25]",17,O'Nien (SUN) vs EVE (A) [3.25],Thomas (COV) vs CHE (H) [3.75],van Ewijk (COV) vs CHE (H) [3.75],Rodon (LEE) vs AVL (A) [4.25],Aina (NFO) vs MUN (A) [4.25],10.75,3.583
"Pure Budget (Double COV) [£21.0m, Total FDR 139.25]",18,Rodon (LEE) vs HUL (A) [2.25],Thomas (COV) vs BRE (H) [2.75],van Ewijk (COV) vs BRE (H) [2.75],Aina (NFO) vs NEW (A) [3.25],O'Nien (SUN) vs MUN (A) [4.25],7.75,2.583
"Pure Budget (Double COV) [£21.0m, Total FDR 139.25]",19,Aina (NFO) vs FUL (H) [1.75],O'Nien (SUN) vs HUL (H) [1.75],Rodon (LEE) vs EVE (H) [2.75],Thomas (COV) vs LIV (A) [4.25],van Ewijk (COV) vs LIV (A) [4.25],6.25,2.083
"Pure Budget (5 Distinct) [£21.5m, Total FDR 142.25]",1,Aina (NFO) vs LEE (H) [1.75],O'Nien (SUN) vs IPS (A) [2.25],Rodon (LEE) vs NFO (A) [3.25],Robinson (FUL) vs CHE (H) [3.75],Thomas (COV) vs ARS (A) [5.25],7.25,2.417
"Pure Budget (5 Distinct) [£21.5m, Total FDR 142.25]",2,Thomas (COV) vs HUL (H) [1.75],O'Nien (SUN) vs FUL (H) [1.75],Rodon (LEE) vs BRE (H) [2.75],Robinson (FUL) vs SUN (A) [3.25],Aina (NFO) vs LIV (A) [4.25],6.25,2.083
"Pure Budget (5 Distinct) [£21.5m, Total FDR 142.25]",3,Robinson (FUL) vs CRY (H) [2.75],Aina (NFO) vs TOT (H) [2.75],Rodon (LEE) vs BHA (A) [3.25],O'Nien (SUN) vs BRE (A) [3.25],Thomas (COV) vs MCI (A) [5.25],8.75,2.917
"Pure Budget (5 Distinct) [£21.5m, Total FDR 142.25]",4,Thomas (COV) vs BHA (H) [1.75],Rodon (LEE) vs NEW (H) [1.75],O'Nien (SUN) vs ARS (H) [3.75],Robinson (FUL) vs LIV (A) [4.25],Aina (NFO) vs AVL (A) [4.25],7.25,2.417
"Pure Budget (5 Distinct) [£21.5m, Total FDR 142.25]",5,Aina (NFO) vs COV (H) [1.75],Rodon (LEE) vs CRY (H) [2.75],Thomas (COV) vs NFO (A) [3.25],Robinson (FUL) vs MUN (H) [3.75],O'Nien (SUN) vs MCI (A) [5.25],7.75,2.583
"Pure Budget (5 Distinct) [£21.5m, Total FDR 142.25]",6,Thomas (COV) vs NEW (H) [1.75],O'Nien (SUN) vs BHA (H) [1.75],Robinson (FUL) vs IPS (A) [2.25],Aina (NFO) vs CRY (A) [3.25],Rodon (LEE) vs ARS (A) [5.25],5.75,1.917
"Pure Budget (5 Distinct) [£21.5m, Total FDR 142.25]",7,Robinson (FUL) vs HUL (H) [1.75],Thomas (COV) vs TOT (A) [3.25],O'Nien (SUN) vs BOU (A) [3.25],Rodon (LEE) vs MUN (H) [3.75],Aina (NFO) vs ARS (H) [3.75],8.25,2.75
"Pure Budget (5 Distinct) [£21.5m, Total FDR 142.25]",8,Thomas (COV) vs FUL (H) [1.75],O'Nien (SUN) vs LEE (H) [1.75],Robinson (FUL) vs COV (A) [2.25],Aina (NFO) vs IPS (A) [2.25],Rodon (LEE) vs SUN (A) [3.25],5.75,1.917
"Pure Budget (5 Distinct) [£21.5m, Total FDR 142.25]",9,Thomas (COV) vs SUN (H) [1.75],O'Nien (SUN) vs COV (A) [2.25],Rodon (LEE) vs BOU (A) [3.25],Aina (NFO) vs BRE (A) [3.25],Robinson (FUL) vs AVL (A) [4.25],7.25,2.417
"Pure Budget (5 Distinct) [£21.5m, Total FDR 142.25]",10,Robinson (FUL) vs NEW (H) [1.75],Rodon (LEE) vs TOT (H) [2.75],Thomas (COV) vs EVE (A) [3.25],Aina (NFO) vs MCI (H) [3.75],O'Nien (SUN) vs CHE (H) [3.75],7.75,2.583
"Pure Budget (5 Distinct) [£21.5m, Total FDR 142.25]",11,Thomas (COV) vs CRY (H) [2.75],Aina (NFO) vs BOU (A) [3.25],Rodon (LEE) vs CHE (A) [4.25],O'Nien (SUN) vs AVL (A) [4.25],Robinson (FUL) vs MCI (A) [5.25],10.25,3.417
"Pure Budget (5 Distinct) [£21.5m, Total FDR 142.25]",12,Rodon (LEE) vs COV (H) [1.75],Robinson (FUL) vs BOU (H) [2.75],O'Nien (SUN) vs TOT (H) [2.75],Thomas (COV) vs LEE (A) [3.25],Aina (NFO) vs CHE (H) [3.75],7.25,2.417
"Pure Budget (5 Distinct) [£21.5m, Total FDR 142.25]",13,Thomas (COV) vs IPS (H) [1.75],Aina (NFO) vs HUL (A) [2.25],Robinson (FUL) vs TOT (A) [3.25],O'Nien (SUN) vs LIV (A) [4.25],Rodon (LEE) vs MCI (A) [5.25],7.25,2.417
"Pure Budget (5 Distinct) [£21.5m, Total FDR 142.25]",14,Rodon (LEE) vs IPS (H) [1.75],Aina (NFO) vs BHA (H) [1.75],Robinson (FUL) vs EVE (A) [3.25],O'Nien (SUN) vs NEW (A) [3.25],Thomas (COV) vs MUN (A) [4.25],6.75,2.25
"Pure Budget (5 Distinct) [£21.5m, Total FDR 142.25]",15,Thomas (COV) vs AVL (H) [2.75],Robinson (FUL) vs BRE (H) [2.75],O'Nien (SUN) vs NFO (H) [2.75],Aina (NFO) vs SUN (A) [3.25],Rodon (LEE) vs LIV (A) [4.25],8.25,2.75
"Pure Budget (5 Distinct) [£21.5m, Total FDR 142.25]",16,Rodon (LEE) vs FUL (H) [1.75],Aina (NFO) vs EVE (H) [2.75],O'Nien (SUN) vs CRY (H) [2.75],Thomas (COV) vs BOU (A) [3.25],Robinson (FUL) vs LEE (A) [3.25],7.25,2.417
"Pure Budget (5 Distinct) [£21.5m, Total FDR 142.25]",17,Robinson (FUL) vs BHA (H) [1.75],O'Nien (SUN) vs EVE (A) [3.25],Thomas (COV) vs CHE (H) [3.75],Rodon (LEE) vs AVL (A) [4.25],Aina (NFO) vs MUN (A) [4.25],8.75,2.917
"Pure Budget (5 Distinct) [£21.5m, Total FDR 142.25]",18,Rodon (LEE) vs HUL (A) [2.25],Thomas (COV) vs BRE (H) [2.75],Aina (NFO) vs NEW (A) [3.25],Robinson (FUL) vs ARS (H) [3.75],O'Nien (SUN) vs MUN (A) [4.25],8.25,2.75
"Pure Budget (5 Distinct) [£21.5m, Total FDR 142.25]",19,Aina (NFO) vs FUL (H) [1.75],O'Nien (SUN) vs HUL (H) [1.75],Rodon (LEE) vs EVE (H) [2.75],Robinson (FUL) vs NFO (A) [3.25],Thomas (COV) vs LIV (A) [4.25],6.25,2.083
"1-Premium Anchor (MCI + Budget) [£22.0m, Total FDR 136.25]",1,O'Nien (SUN) vs IPS (A) [2.25],Rúben (MCI) vs BOU (H) [2.75],Rodon (LEE) vs NFO (A) [3.25],Thomas (COV) vs ARS (A) [5.25],van Ewijk (COV) vs ARS (A) [5.25],8.25,2.75
"1-Premium Anchor (MCI + Budget) [£22.0m, Total FDR 136.25]",2,Thomas (COV) vs HUL (H) [1.75],van Ewijk (COV) vs HUL (H) [1.75],O'Nien (SUN) vs FUL (H) [1.75],Rodon (LEE) vs BRE (H) [2.75],Rúben (MCI) vs CRY (A) [3.25],5.25,1.75
"1-Premium Anchor (MCI + Budget) [£22.0m, Total FDR 136.25]",3,Rúben (MCI) vs COV (H) [1.75],Rodon (LEE) vs BHA (A) [3.25],O'Nien (SUN) vs BRE (A) [3.25],Thomas (COV) vs MCI (A) [5.25],van Ewijk (COV) vs MCI (A) [5.25],8.25,2.75
"1-Premium Anchor (MCI + Budget) [£22.0m, Total FDR 136.25]",4,Thomas (COV) vs BHA (H) [1.75],van Ewijk (COV) vs BHA (H) [1.75],Rodon (LEE) vs NEW (H) [1.75],O'Nien (SUN) vs ARS (H) [3.75],Rúben (MCI) vs MUN (A) [4.25],5.25,1.75
"1-Premium Anchor (MCI + Budget) [£22.0m, Total FDR 136.25]",5,Rúben (MCI) vs SUN (H) [1.75],Rodon (LEE) vs CRY (H) [2.75],Thomas (COV) vs NFO (A) [3.25],van Ewijk (COV) vs NFO (A) [3.25],O'Nien (SUN) vs MCI (A) [5.25],7.75,2.583
"1-Premium Anchor (MCI + Budget) [£22.0m, Total FDR 136.25]",6,Thomas (COV) vs NEW (H) [1.75],van Ewijk (COV) vs NEW (H) [1.75],O'Nien (SUN) vs BHA (H) [1.75],Rúben (MCI) vs LIV (A) [4.25],Rodon (LEE) vs ARS (A) [5.25],5.25,1.75
"1-Premium Anchor (MCI + Budget) [£22.0m, Total FDR 136.25]",7,Rúben (MCI) vs IPS (H) [1.75],Thomas (COV) vs TOT (A) [3.25],van Ewijk (COV) vs TOT (A) [3.25],O'Nien (SUN) vs BOU (A) [3.25],Rodon (LEE) vs MUN (H) [3.75],8.25,2.75
"1-Premium Anchor (MCI + Budget) [£22.0m, Total FDR 136.25]",8,Thomas (COV) vs FUL (H) [1.75],van Ewijk (COV) vs FUL (H) [1.75],O'Nien (SUN) vs LEE (H) [1.75],Rodon (LEE) vs SUN (A) [3.25],Rúben (MCI) vs AVL (A) [4.25],5.25,1.75
"1-Premium Anchor (MCI + Budget) [£22.0m, Total FDR 136.25]",9,Thomas (COV) vs SUN (H) [1.75],van Ewijk (COV) vs SUN (H) [1.75],Rúben (MCI) vs BHA (H) [1.75],O'Nien (SUN) vs COV (A) [2.25],Rodon (LEE) vs BOU (A) [3.25],5.25,1.75
"1-Premium Anchor (MCI + Budget) [£22.0m, Total FDR 136.25]",10,Rodon (LEE) vs TOT (H) [2.75],Thomas (COV) vs EVE (A) [3.25],van Ewijk (COV) vs EVE (A) [3.25],Rúben (MCI) vs NFO (A) [3.25],O'Nien (SUN) vs CHE (H) [3.75],9.25,3.083
"1-Premium Anchor (MCI + Budget) [£22.0m, Total FDR 136.25]",11,Rúben (MCI) vs FUL (H) [1.75],Thomas (COV) vs CRY (H) [2.75],van Ewijk (COV) vs CRY (H) [2.75],Rodon (LEE) vs CHE (A) [4.25],O'Nien (SUN) vs AVL (A) [4.25],7.25,2.417
"1-Premium Anchor (MCI + Budget) [£22.0m, Total FDR 136.25]",12,Rodon (LEE) vs COV (H) [1.75],O'Nien (SUN) vs TOT (H) [2.75],Thomas (COV) vs LEE (A) [3.25],van Ewijk (COV) vs LEE (A) [3.25],Rúben (MCI) vs ARS (A) [5.25],7.75,2.583
"1-Premium Anchor (MCI + Budget) [£22.0m, Total FDR 136.25]",13,Thomas (COV) vs IPS (H) [1.75],van Ewijk (COV) vs IPS (H) [1.75],Rúben (MCI) vs LEE (H) [1.75],O'Nien (SUN) vs LIV (A) [4.25],Rodon (LEE) vs MCI (A) [5.25],5.25,1.75
"1-Premium Anchor (MCI + Budget) [£22.0m, Total FDR 136.25]",14,Rodon (LEE) vs IPS (H) [1.75],Rúben (MCI) vs BRE (A) [3.25],O'Nien (SUN) vs NEW (A) [3.25],Thomas (COV) vs MUN (A) [4.25],van Ewijk (COV) vs MUN (A) [4.25],8.25,2.75
"1-Premium Anchor (MCI + Budget) [£22.0m, Total FDR 136.25]",15,Thomas (COV) vs AVL (H) [2.75],van Ewijk (COV) vs AVL (H) [2.75],O'Nien (SUN) vs NFO (H) [2.75],Rúben (MCI) vs CHE (H) [3.75],Rodon (LEE) vs LIV (A) [4.25],8.25,2.75
"1-Premium Anchor (MCI + Budget) [£22.0m, Total FDR 136.25]",16,Rodon (LEE) vs FUL (H) [1.75],Rúben (MCI) vs HUL (H) [1.75],O'Nien (SUN) vs CRY (H) [2.75],Thomas (COV) vs BOU (A) [3.25],van Ewijk (COV) vs BOU (A) [3.25],6.25,2.083
"1-Premium Anchor (MCI + Budget) [£22.0m, Total FDR 136.25]",17,Rúben (MCI) vs NEW (A) [3.25],O'Nien (SUN) vs EVE (A) [3.25],Thomas (COV) vs CHE (H) [3.75],van Ewijk (COV) vs CHE (H) [3.75],Rodon (LEE) vs AVL (A) [4.25],10.25,3.417
"1-Premium Anchor (MCI + Budget) [£22.0m, Total FDR 136.25]",18,Rodon (LEE) vs HUL (A) [2.25],Thomas (COV) vs BRE (H) [2.75],van Ewijk (COV) vs BRE (H) [2.75],Rúben (MCI) vs EVE (A) [3.25],O'Nien (SUN) vs MUN (A) [4.25],7.75,2.583
"1-Premium Anchor (MCI + Budget) [£22.0m, Total FDR 136.25]",19,O'Nien (SUN) vs HUL (H) [1.75],Rodon (LEE) vs EVE (H) [2.75],Rúben (MCI) vs TOT (H) [2.75],Thomas (COV) vs LIV (A) [4.25],van Ewijk (COV) vs LIV (A) [4.25],7.25,2.417
"1-Premium Anchor (5 Distinct) [£22.5m, Total FDR 137.75]",1,Aina (NFO) vs LEE (H) [1.75],O'Nien (SUN) vs IPS (A) [2.25],Rúben (MCI) vs BOU (H) [2.75],Rodon (LEE) vs NFO (A) [3.25],Thomas (COV) vs ARS (A) [5.25],6.75,2.25
"1-Premium Anchor (5 Distinct) [£22.5m, Total FDR 137.75]",2,Thomas (COV) vs HUL (H) [1.75],O'Nien (SUN) vs FUL (H) [1.75],Rodon (LEE) vs BRE (H) [2.75],Rúben (MCI) vs CRY (A) [3.25],Aina (NFO) vs LIV (A) [4.25],6.25,2.083
"1-Premium Anchor (5 Distinct) [£22.5m, Total FDR 137.75]",3,Rúben (MCI) vs COV (H) [1.75],Aina (NFO) vs TOT (H) [2.75],Rodon (LEE) vs BHA (A) [3.25],O'Nien (SUN) vs BRE (A) [3.25],Thomas (COV) vs MCI (A) [5.25],7.75,2.583
"1-Premium Anchor (5 Distinct) [£22.5m, Total FDR 137.75]",4,Thomas (COV) vs BHA (H) [1.75],Rodon (LEE) vs NEW (H) [1.75],O'Nien (SUN) vs ARS (H) [3.75],Rúben (MCI) vs MUN (A) [4.25],Aina (NFO) vs AVL (A) [4.25],7.25,2.417
"1-Premium Anchor (5 Distinct) [£22.5m, Total FDR 137.75]",5,Rúben (MCI) vs SUN (H) [1.75],Aina (NFO) vs COV (H) [1.75],Rodon (LEE) vs CRY (H) [2.75],Thomas (COV) vs NFO (A) [3.25],O'Nien (SUN) vs MCI (A) [5.25],6.25,2.083
"1-Premium Anchor (5 Distinct) [£22.5m, Total FDR 137.75]",6,Thomas (COV) vs NEW (H) [1.75],O'Nien (SUN) vs BHA (H) [1.75],Aina (NFO) vs CRY (A) [3.25],Rúben (MCI) vs LIV (A) [4.25],Rodon (LEE) vs ARS (A) [5.25],6.75,2.25
"1-Premium Anchor (5 Distinct) [£22.5m, Total FDR 137.75]",7,Rúben (MCI) vs IPS (H) [1.75],Thomas (COV) vs TOT (A) [3.25],O'Nien (SUN) vs BOU (A) [3.25],Rodon (LEE) vs MUN (H) [3.75],Aina (NFO) vs ARS (H) [3.75],8.25,2.75
"1-Premium Anchor (5 Distinct) [£22.5m, Total FDR 137.75]",8,Thomas (COV) vs FUL (H) [1.75],O'Nien (SUN) vs LEE (H) [1.75],Aina (NFO) vs IPS (A) [2.25],Rodon (LEE) vs SUN (A) [3.25],Rúben (MCI) vs AVL (A) [4.25],5.75,1.917
"1-Premium Anchor (5 Distinct) [£22.5m, Total FDR 137.75]",9,Thomas (COV) vs SUN (H) [1.75],Rúben (MCI) vs BHA (H) [1.75],O'Nien (SUN) vs COV (A) [2.25],Rodon (LEE) vs BOU (A) [3.25],Aina (NFO) vs BRE (A) [3.25],5.75,1.917
"1-Premium Anchor (5 Distinct) [£22.5m, Total FDR 137.75]",10,Rodon (LEE) vs TOT (H) [2.75],Thomas (COV) vs EVE (A) [3.25],Rúben (MCI) vs NFO (A) [3.25],Aina (NFO) vs MCI (H) [3.75],O'Nien (SUN) vs CHE (H) [3.75],9.25,3.083
"1-Premium Anchor (5 Distinct) [£22.5m, Total FDR 137.75]",11,Rúben (MCI) vs FUL (H) [1.75],Thomas (COV) vs CRY (H) [2.75],Aina (NFO) vs BOU (A) [3.25],Rodon (LEE) vs CHE (A) [4.25],O'Nien (SUN) vs AVL (A) [4.25],7.75,2.583
"1-Premium Anchor (5 Distinct) [£22.5m, Total FDR 137.75]",12,Rodon (LEE) vs COV (H) [1.75],O'Nien (SUN) vs TOT (H) [2.75],Thomas (COV) vs LEE (A) [3.25],Aina (NFO) vs CHE (H) [3.75],Rúben (MCI) vs ARS (A) [5.25],7.75,2.583
"1-Premium Anchor (5 Distinct) [£22.5m, Total FDR 137.75]",13,Thomas (COV) vs IPS (H) [1.75],Rúben (MCI) vs LEE (H) [1.75],Aina (NFO) vs HUL (A) [2.25],O'Nien (SUN) vs LIV (A) [4.25],Rodon (LEE) vs MCI (A) [5.25],5.75,1.917
"1-Premium Anchor (5 Distinct) [£22.5m, Total FDR 137.75]",14,Rodon (LEE) vs IPS (H) [1.75],Aina (NFO) vs BHA (H) [1.75],Rúben (MCI) vs BRE (A) [3.25],O'Nien (SUN) vs NEW (A) [3.25],Thomas (COV) vs MUN (A) [4.25],6.75,2.25
"1-Premium Anchor (5 Distinct) [£22.5m, Total FDR 137.75]",15,Thomas (COV) vs AVL (H) [2.75],O'Nien (SUN) vs NFO (H) [2.75],Aina (NFO) vs SUN (A) [3.25],Rúben (MCI) vs CHE (H) [3.75],Rodon (LEE) vs LIV (A) [4.25],8.75,2.917
"1-Premium Anchor (5 Distinct) [£22.5m, Total FDR 137.75]",16,Rodon (LEE) vs FUL (H) [1.75],Rúben (MCI) vs HUL (H) [1.75],Aina (NFO) vs EVE (H) [2.75],O'Nien (SUN) vs CRY (H) [2.75],Thomas (COV) vs BOU (A) [3.25],6.25,2.083
"1-Premium Anchor (5 Distinct) [£22.5m, Total FDR 137.75]",17,Rúben (MCI) vs NEW (A) [3.25],O'Nien (SUN) vs EVE (A) [3.25],Thomas (COV) vs CHE (H) [3.75],Rodon (LEE) vs AVL (A) [4.25],Aina (NFO) vs MUN (A) [4.25],10.25,3.417
"1-Premium Anchor (5 Distinct) [£22.5m, Total FDR 137.75]",18,Rodon (LEE) vs HUL (A) [2.25],Thomas (COV) vs BRE (H) [2.75],Rúben (MCI) vs EVE (A) [3.25],Aina (NFO) vs NEW (A) [3.25],O'Nien (SUN) vs MUN (A) [4.25],8.25,2.75
"1-Premium Anchor (5 Distinct) [£22.5m, Total FDR 137.75]",19,Aina (NFO) vs FUL (H) [1.75],O'Nien (SUN) vs HUL (H) [1.75],Rodon (LEE) vs EVE (H) [2.75],Rúben (MCI) vs TOT (H) [2.75],Thomas (COV) vs LIV (A) [4.25],6.25,2.083
"2-Premium Anchor (MCI + LIV) [£23.0m, Total FDR 136.75]",1,O'Nien (SUN) vs IPS (A) [2.25],Rúben (MCI) vs BOU (H) [2.75],Rodon (LEE) vs NFO (A) [3.25],Jacquet (LIV) vs NEW (A) [3.25],Thomas (COV) vs ARS (A) [5.25],8.25,2.75
"2-Premium Anchor (MCI + LIV) [£23.0m, Total FDR 136.75]",2,Thomas (COV) vs HUL (H) [1.75],O'Nien (SUN) vs FUL (H) [1.75],Rodon (LEE) vs BRE (H) [2.75],Jacquet (LIV) vs NFO (H) [2.75],Rúben (MCI) vs CRY (A) [3.25],6.25,2.083
"2-Premium Anchor (MCI + LIV) [£23.0m, Total FDR 136.75]",3,Rúben (MCI) vs COV (H) [1.75],Jacquet (LIV) vs IPS (A) [2.25],Rodon (LEE) vs BHA (A) [3.25],O'Nien (SUN) vs BRE (A) [3.25],Thomas (COV) vs MCI (A) [5.25],7.25,2.417
"2-Premium Anchor (MCI + LIV) [£23.0m, Total FDR 136.75]",4,Thomas (COV) vs BHA (H) [1.75],Rodon (LEE) vs NEW (H) [1.75],Jacquet (LIV) vs FUL (H) [1.75],O'Nien (SUN) vs ARS (H) [3.75],Rúben (MCI) vs MUN (A) [4.25],5.25,1.75
"2-Premium Anchor (MCI + LIV) [£23.0m, Total FDR 136.75]",5,Rúben (MCI) vs SUN (H) [1.75],Rodon (LEE) vs CRY (H) [2.75],Thomas (COV) vs NFO (A) [3.25],Jacquet (LIV) vs BOU (A) [3.25],O'Nien (SUN) vs MCI (A) [5.25],7.75,2.583
"2-Premium Anchor (MCI + LIV) [£23.0m, Total FDR 136.75]",6,Thomas (COV) vs NEW (H) [1.75],O'Nien (SUN) vs BHA (H) [1.75],Jacquet (LIV) vs MCI (H) [3.75],Rúben (MCI) vs LIV (A) [4.25],Rodon (LEE) vs ARS (A) [5.25],7.25,2.417
"2-Premium Anchor (MCI + LIV) [£23.0m, Total FDR 136.75]",7,Rúben (MCI) vs IPS (H) [1.75],Thomas (COV) vs TOT (A) [3.25],Jacquet (LIV) vs BRE (A) [3.25],O'Nien (SUN) vs BOU (A) [3.25],Rodon (LEE) vs MUN (H) [3.75],8.25,2.75
"2-Premium Anchor (MCI + LIV) [£23.0m, Total FDR 136.75]",8,Thomas (COV) vs FUL (H) [1.75],Jacquet (LIV) vs BHA (H) [1.75],O'Nien (SUN) vs LEE (H) [1.75],Rodon (LEE) vs SUN (A) [3.25],Rúben (MCI) vs AVL (A) [4.25],5.25,1.75
"2-Premium Anchor (MCI + LIV) [£23.0m, Total FDR 136.75]",9,Thomas (COV) vs SUN (H) [1.75],Rúben (MCI) vs BHA (H) [1.75],O'Nien (SUN) vs COV (A) [2.25],Rodon (LEE) vs BOU (A) [3.25],Jacquet (LIV) vs ARS (H) [3.75],5.75,1.917
"2-Premium Anchor (MCI + LIV) [£23.0m, Total FDR 136.75]",10,Rodon (LEE) vs TOT (H) [2.75],Thomas (COV) vs EVE (A) [3.25],Jacquet (LIV) vs CRY (A) [3.25],Rúben (MCI) vs NFO (A) [3.25],O'Nien (SUN) vs CHE (H) [3.75],9.25,3.083
"2-Premium Anchor (MCI + LIV) [£23.0m, Total FDR 136.75]",11,Rúben (MCI) vs FUL (H) [1.75],Thomas (COV) vs CRY (H) [2.75],Jacquet (LIV) vs MUN (H) [3.75],Rodon (LEE) vs CHE (A) [4.25],O'Nien (SUN) vs AVL (A) [4.25],8.25,2.75
"2-Premium Anchor (MCI + LIV) [£23.0m, Total FDR 136.75]",12,Rodon (LEE) vs COV (H) [1.75],O'Nien (SUN) vs TOT (H) [2.75],Thomas (COV) vs LEE (A) [3.25],Jacquet (LIV) vs EVE (A) [3.25],Rúben (MCI) vs ARS (A) [5.25],7.75,2.583
"2-Premium Anchor (MCI + LIV) [£23.0m, Total FDR 136.75]",13,Thomas (COV) vs IPS (H) [1.75],Jacquet (LIV) vs SUN (H) [1.75],Rúben (MCI) vs LEE (H) [1.75],O'Nien (SUN) vs LIV (A) [4.25],Rodon (LEE) vs MCI (A) [5.25],5.25,1.75
"2-Premium Anchor (MCI + LIV) [£23.0m, Total FDR 136.75]",14,Rodon (LEE) vs IPS (H) [1.75],Rúben (MCI) vs BRE (A) [3.25],O'Nien (SUN) vs NEW (A) [3.25],Thomas (COV) vs MUN (A) [4.25],Jacquet (LIV) vs CHE (A) [4.25],8.25,2.75
"2-Premium Anchor (MCI + LIV) [£23.0m, Total FDR 136.75]",15,Jacquet (LIV) vs LEE (H) [1.75],Thomas (COV) vs AVL (H) [2.75],O'Nien (SUN) vs NFO (H) [2.75],Rúben (MCI) vs CHE (H) [3.75],Rodon (LEE) vs LIV (A) [4.25],7.25,2.417
"2-Premium Anchor (MCI + LIV) [£23.0m, Total FDR 136.75]",16,Rodon (LEE) vs FUL (H) [1.75],Rúben (MCI) vs HUL (H) [1.75],Jacquet (LIV) vs TOT (H) [2.75],O'Nien (SUN) vs CRY (H) [2.75],Thomas (COV) vs BOU (A) [3.25],6.25,2.083
"2-Premium Anchor (MCI + LIV) [£23.0m, Total FDR 136.75]",17,Jacquet (LIV) vs HUL (A) [2.25],Rúben (MCI) vs NEW (A) [3.25],O'Nien (SUN) vs EVE (A) [3.25],Thomas (COV) vs CHE (H) [3.75],Rodon (LEE) vs AVL (A) [4.25],8.75,2.917
"2-Premium Anchor (MCI + LIV) [£23.0m, Total FDR 136.75]",18,Rodon (LEE) vs HUL (A) [2.25],Thomas (COV) vs BRE (H) [2.75],Rúben (MCI) vs EVE (A) [3.25],Jacquet (LIV) vs AVL (A) [4.25],O'Nien (SUN) vs MUN (A) [4.25],8.25,2.75
"2-Premium Anchor (MCI + LIV) [£23.0m, Total FDR 136.75]",19,Jacquet (LIV) vs COV (H) [1.75],O'Nien (SUN) vs HUL (H) [1.75],Rodon (LEE) vs EVE (H) [2.75],Rúben (MCI) vs TOT (H) [2.75],Thomas (COV) vs LIV (A) [4.25],6.25,2.083
"Global Best Lineup (Double MCI + LIV) [£24.5m, Total FDR 135.75]",1,Heaven (MUN) vs HUL (A) [2.25],Rúben (MCI) vs BOU (H) [2.75],Gvardiol (MCI) vs BOU (H) [2.75],Jacquet (LIV) vs NEW (A) [3.25],Thomas (COV) vs ARS (A) [5.25],7.75,2.583
"Global Best Lineup (Double MCI + LIV) [£24.5m, Total FDR 135.75]",2,Thomas (COV) vs HUL (H) [1.75],Heaven (MUN) vs IPS (H) [1.75],Jacquet (LIV) vs NFO (H) [2.75],Rúben (MCI) vs CRY (A) [3.25],Gvardiol (MCI) vs CRY (A) [3.25],6.25,2.083
"Global Best Lineup (Double MCI + LIV) [£24.5m, Total FDR 135.75]",3,Rúben (MCI) vs COV (H) [1.75],Gvardiol (MCI) vs COV (H) [1.75],Jacquet (LIV) vs IPS (A) [2.25],Heaven (MUN) vs EVE (A) [3.25],Thomas (COV) vs MCI (A) [5.25],5.75,1.917
"Global Best Lineup (Double MCI + LIV) [£24.5m, Total FDR 135.75]",4,Thomas (COV) vs BHA (H) [1.75],Jacquet (LIV) vs FUL (H) [1.75],Heaven (MUN) vs MCI (H) [3.75],Rúben (MCI) vs MUN (A) [4.25],Gvardiol (MCI) vs MUN (A) [4.25],7.25,2.417
"Global Best Lineup (Double MCI + LIV) [£24.5m, Total FDR 135.75]",5,Rúben (MCI) vs SUN (H) [1.75],Gvardiol (MCI) vs SUN (H) [1.75],Thomas (COV) vs NFO (A) [3.25],Jacquet (LIV) vs BOU (A) [3.25],Heaven (MUN) vs FUL (A) [3.25],6.75,2.25
"Global Best Lineup (Double MCI + LIV) [£24.5m, Total FDR 135.75]",6,Thomas (COV) vs NEW (H) [1.75],Heaven (MUN) vs TOT (H) [2.75],Jacquet (LIV) vs MCI (H) [3.75],Rúben (MCI) vs LIV (A) [4.25],Gvardiol (MCI) vs LIV (A) [4.25],8.25,2.75
"Global Best Lineup (Double MCI + LIV) [£24.5m, Total FDR 135.75]",7,Rúben (MCI) vs IPS (H) [1.75],Gvardiol (MCI) vs IPS (H) [1.75],Thomas (COV) vs TOT (A) [3.25],Jacquet (LIV) vs BRE (A) [3.25],Heaven (MUN) vs LEE (A) [3.25],6.75,2.25
"Global Best Lineup (Double MCI + LIV) [£24.5m, Total FDR 135.75]",8,Thomas (COV) vs FUL (H) [1.75],Jacquet (LIV) vs BHA (H) [1.75],Heaven (MUN) vs BOU (H) [2.75],Rúben (MCI) vs AVL (A) [4.25],Gvardiol (MCI) vs AVL (A) [4.25],6.25,2.083
"Global Best Lineup (Double MCI + LIV) [£24.5m, Total FDR 135.75]",9,Thomas (COV) vs SUN (H) [1.75],Rúben (MCI) vs BHA (H) [1.75],Gvardiol (MCI) vs BHA (H) [1.75],Jacquet (LIV) vs ARS (H) [3.75],Heaven (MUN) vs CHE (A) [4.25],5.25,1.75
"Global Best Lineup (Double MCI + LIV) [£24.5m, Total FDR 135.75]",10,Heaven (MUN) vs AVL (H) [2.75],Thomas (COV) vs EVE (A) [3.25],Jacquet (LIV) vs CRY (A) [3.25],Rúben (MCI) vs NFO (A) [3.25],Gvardiol (MCI) vs NFO (A) [3.25],9.25,3.083
"Global Best Lineup (Double MCI + LIV) [£24.5m, Total FDR 135.75]",11,Rúben (MCI) vs FUL (H) [1.75],Gvardiol (MCI) vs FUL (H) [1.75],Thomas (COV) vs CRY (H) [2.75],Jacquet (LIV) vs MUN (H) [3.75],Heaven (MUN) vs LIV (A) [4.25],6.25,2.083
"Global Best Lineup (Double MCI + LIV) [£24.5m, Total FDR 135.75]",12,Heaven (MUN) vs BRE (H) [2.75],Thomas (COV) vs LEE (A) [3.25],Jacquet (LIV) vs EVE (A) [3.25],Rúben (MCI) vs ARS (A) [5.25],Gvardiol (MCI) vs ARS (A) [5.25],9.25,3.083
"Global Best Lineup (Double MCI + LIV) [£24.5m, Total FDR 135.75]",13,Thomas (COV) vs IPS (H) [1.75],Jacquet (LIV) vs SUN (H) [1.75],Rúben (MCI) vs LEE (H) [1.75],Gvardiol (MCI) vs LEE (H) [1.75],Heaven (MUN) vs NEW (A) [3.25],5.25,1.75
"Global Best Lineup (Double MCI + LIV) [£24.5m, Total FDR 135.75]",14,Heaven (MUN) vs COV (H) [1.75],Rúben (MCI) vs BRE (A) [3.25],Gvardiol (MCI) vs BRE (A) [3.25],Thomas (COV) vs MUN (A) [4.25],Jacquet (LIV) vs CHE (A) [4.25],8.25,2.75
"Global Best Lineup (Double MCI + LIV) [£24.5m, Total FDR 135.75]",15,Jacquet (LIV) vs LEE (H) [1.75],Thomas (COV) vs AVL (H) [2.75],Heaven (MUN) vs CRY (A) [3.25],Rúben (MCI) vs CHE (H) [3.75],Gvardiol (MCI) vs CHE (H) [3.75],7.75,2.583
"Global Best Lineup (Double MCI + LIV) [£24.5m, Total FDR 135.75]",16,Rúben (MCI) vs HUL (H) [1.75],Gvardiol (MCI) vs HUL (H) [1.75],Jacquet (LIV) vs TOT (H) [2.75],Thomas (COV) vs BOU (A) [3.25],Heaven (MUN) vs ARS (A) [5.25],6.25,2.083
"Global Best Lineup (Double MCI + LIV) [£24.5m, Total FDR 135.75]",17,Jacquet (LIV) vs HUL (A) [2.25],Heaven (MUN) vs NFO (H) [2.75],Rúben (MCI) vs NEW (A) [3.25],Gvardiol (MCI) vs NEW (A) [3.25],Thomas (COV) vs CHE (H) [3.75],8.25,2.75
"Global Best Lineup (Double MCI + LIV) [£24.5m, Total FDR 135.75]",18,Heaven (MUN) vs SUN (H) [1.75],Thomas (COV) vs BRE (H) [2.75],Rúben (MCI) vs EVE (A) [3.25],Gvardiol (MCI) vs EVE (A) [3.25],Jacquet (LIV) vs AVL (A) [4.25],7.75,2.583
"Global Best Lineup (Double MCI + LIV) [£24.5m, Total FDR 135.75]",19,Jacquet (LIV) vs COV (H) [1.75],Rúben (MCI) vs TOT (H) [2.75],Gvardiol (MCI) vs TOT (H) [2.75],Heaven (MUN) vs BHA (A) [3.25],Thomas (COV) vs LIV (A) [4.25],7.25,2.417
