player_id,web_name,club_short,position,expected_role,draft_availability,rate_source,provenance_note,gw1_xp,gw1_xmins,gw2_xp,gw2_xmins,gw3_xp,gw3_xmins,gw4_xp,gw4_xmins,gw5_xp,gw5_xmins,total_5gw_xp,avg_gw_xp,total_5gw_xmins
411,Haaland,MCI,FWD,Nailed Starter,eligible,fpl_recency_50_50,"50% latest>=900 2025/26 (2953m) + 50% mean other usable [2023/24(2553m),2024/25(2736m)]",5.4,77.5,5.31,77.5,6.75,77.5,4.06,77.5,6.72,77.5,28.24,5.65,387.5
154,Palmer,CHE,MID,Nailed Starter,eligible,fpl_recency_50_50,"50% latest>=900 2025/26 (1954m) + 50% mean other usable [2023/24(2617m),2024/25(3193m)]",4.82,77.5,5.93,77.5,3.06,77.5,5.98,77.5,4.79,77.5,24.58,4.92,387.5
379,Isak,LIV,FWD,Nailed Starter,eligible,fpl_recency_50_50,"50% latest>=900 2024/25 (2758m) + 50% mean other usable [2023/24(2253m),2025/26(694m)]",4.44,77.5,4.45,77.5,5.47,77.5,5.44,77.5,4.39,77.5,24.19,4.84,387.5
504,Vuskovic,BHA,DEF,Nailed Starter,eligible,external_3season_research,External Westerlo/HSV xG/xA; best-guess CBIT 12.45/90 from HSV Opta (blocks may be shots-only),4.69,77.5,3.66,77.5,5.72,77.5,5.67,77.5,3.74,77.5,23.48,4.7,387.5
4,Gabriel,ARS,DEF,Nailed Starter,eligible,fpl_recency_50_50,"50% latest>=900 2025/26 (2750m) + 50% mean other usable [2023/24(3042m),2024/25(2363m)]",5.57,77.5,4.14,77.5,4.12,77.5,4.78,77.5,4.79,77.5,23.4,4.68,387.5
334,Muharemović,LEE,DEF,Nailed Starter,eligible,external_3season_research,External Sassuolo; FBref CBIT Defcon 10.23/90 (Muharemović),4.47,77.5,4.47,77.5,4.44,77.5,5.35,77.5,4.48,77.5,23.21,4.64,387.5
362,Jacquet,LIV,DEF,Nailed Starter,eligible,external_3season_research,External Rennes/Clermont; FBref CBIT Defcon 10.87/90 (Jacquet),4.23,77.5,4.24,77.5,5.04,77.5,5.03,77.5,4.21,77.5,22.76,4.55,387.5
387,O'Reilly,MCI,DEF,Regular Starter,eligible,fpl_recency_50_50,50% latest>=900 2025/26 (2643m) + 50% mean other usable [2024/25(525m)],4.27,62.0,4.24,62.0,4.95,62.0,3.6,62.0,4.94,62.0,22.0,4.4,310.0
208,Sarr,CRY,MID,Nailed Starter,eligible,fpl_recency_50_50,50% latest>=900 2025/26 (2173m) + 50% mean other usable [2024/25(2708m)],4.34,77.5,3.43,77.5,4.36,77.5,5.33,77.5,4.3,77.5,21.76,4.35,387.5
366,Wirtz,LIV,MID,Nailed Starter,eligible,fpl_single_usable_season,"100% latest-eligible 2025/26 (2374 mins, floor>=900)",3.95,77.5,3.96,77.5,4.62,77.5,4.6,77.5,3.92,77.5,21.06,4.21,387.5
229,Tarkowski,EVE,DEF,Nailed Starter,eligible,fpl_recency_50_50,"50% latest>=900 2025/26 (3330m) + 50% mean other usable [2023/24(3420m),2024/25(2922m)]",4.12,77.5,4.11,77.5,3.45,77.5,4.14,77.5,5.01,77.5,20.82,4.16,387.5
106,Thiago,BRE,FWD,Nailed Starter,eligible,fpl_single_usable_season,"100% latest-eligible 2025/26 (3282 mins, floor>=900)",4.18,77.5,4.09,77.5,4.99,77.5,4.11,77.5,3.3,77.5,20.66,4.13,387.5
60,Hill,BOU,DEF,Nailed Starter,eligible,fpl_single_usable_season,"100% latest-eligible 2025/26 (2102 mins, floor>=900)",3.3,77.5,4.48,77.5,4.49,77.5,4.47,77.5,3.84,77.5,20.59,4.12,387.5
200,Lacroix,CHE,DEF,Nailed Starter,eligible,fpl_recency_50_50,50% latest>=900 2025/26 (3085m) + 50% mean other usable [2024/25(3116m)],4.03,77.5,4.86,77.5,2.79,77.5,4.88,77.5,4.02,77.5,20.57,4.11,387.5
384,Donnarumma,MCI,GKP,Nailed Starter,eligible,fpl_single_usable_season+defcon_baseline_fill,"100% latest-eligible 2025/26 (3060 mins, floor>=900); defcon_baseline_fill",3.97,77.5,3.94,77.5,4.51,77.5,3.49,77.5,4.5,77.5,20.4,4.08,387.5
481,Anderson,MCI,MID,Nailed Starter,eligible,fpl_recency_50_50,"50% latest>=900 2025/26 (3332m) + 50% mean other usable [2023/24(1018m),2024/25(2726m)]",3.96,77.5,3.93,77.5,4.27,77.5,3.66,77.5,4.26,77.5,20.08,4.02,387.5
165,João Pedro,CHE,FWD,Nailed Starter,eligible,fpl_recency_50_50,"50% latest>=900 2025/26 (2658m) + 50% mean other usable [2023/24(2037m),2024/25(1946m)]",3.94,77.5,4.69,77.5,2.7,77.5,4.74,77.5,3.92,77.5,19.99,4.0,387.5
94,Schade,BRE,MID,Nailed Starter,eligible,fpl_recency_50_50,50% latest>=900 2025/26 (2744m) + 50% mean other usable [2024/25(2281m)],4.03,77.5,3.96,77.5,4.72,77.5,3.98,77.5,3.28,77.5,19.97,3.99,387.5
368,Szoboszlai,LIV,MID,Nailed Starter,eligible,fpl_recency_50_50,"50% latest>=900 2025/26 (3232m) + 50% mean other usable [2023/24(2102m),2024/25(2485m)]",3.79,77.5,3.79,77.5,4.31,77.5,4.3,77.5,3.76,77.5,19.94,3.99,387.5
418,Maguire,MUN,DEF,Nailed Starter,eligible,fpl_recency_50_50,"50% latest>=900 2025/26 (1649m) + 50% mean other usable [2023/24(1650m),2024/25(1751m)]",4.65,77.5,4.63,77.5,3.74,77.5,3.01,77.5,3.76,77.5,19.81,3.96,387.5
237,Ndiaye,EVE,MID,Nailed Starter,eligible,fpl_recency_50_50,50% latest>=900 2025/26 (2781m) + 50% mean other usable [2024/25(2426m)],3.94,77.5,3.91,77.5,3.45,77.5,3.96,77.5,4.54,77.5,19.79,3.96,387.5
532,Ballard,SUN,DEF,Nailed Starter,eligible,fpl_single_usable_season,"100% latest-eligible 2025/26 (2144 mins, floor>=900)",4.93,77.5,4.96,77.5,3.95,77.5,3.27,77.5,2.63,77.5,19.74,3.95,387.5
1,Raya,ARS,GKP,Nailed Starter,eligible,fpl_recency_50_50+defcon_baseline_fill,"50% latest>=900 2025/26 (3330m) + 50% mean other usable [2023/24(2880m),2024/25(3420m)]; defcon_baseline_fill",4.58,77.5,3.53,77.5,3.52,77.5,3.97,77.5,3.99,77.5,19.59,3.92,387.5
55,Watkins,AVL,FWD,Nailed Starter,eligible,fpl_recency_50_50,"50% latest>=900 2025/26 (2833m) + 50% mean other usable [2023/24(3222m),2024/25(2593m)]",3.85,77.5,3.15,77.5,4.75,77.5,3.95,77.5,3.88,77.5,19.58,3.92,387.5
201,Muñoz,CRY,DEF,Nailed Starter,eligible,fpl_recency_50_50,"50% latest>=900 2025/26 (2400m) + 50% mean other usable [2023/24(1440m),2024/25(3229m)]",3.85,77.5,3.01,77.5,3.87,77.5,4.84,77.5,3.83,77.5,19.41,3.88,387.5
346,Calvert-Lewin,LEE,FWD,Nailed Starter,eligible,fpl_recency_50_50,"50% latest>=900 2025/26 (2721m) + 50% mean other usable [2023/24(2166m),2024/25(1602m)]",3.72,77.5,3.73,77.5,3.67,77.5,4.49,77.5,3.75,77.5,19.35,3.87,387.5
535,Alderete,SUN,DEF,Nailed Starter,eligible,fpl_single_usable_season,"100% latest-eligible 2025/26 (2797 mins, floor>=900)",4.7,77.5,4.72,77.5,3.82,77.5,3.21,77.5,2.64,77.5,19.09,3.82,387.5
427,Mbeumo,MUN,MID,Regular Starter,eligible,fpl_recency_50_50,"50% latest>=900 2025/26 (2611m) + 50% mean other usable [2023/24(1957m),2024/25(3415m)]",4.4,62.0,4.38,62.0,3.61,62.0,2.93,62.0,3.64,62.0,18.97,3.79,310.0
397,Semenyo,MCI,MID,Nailed Starter,eligible,fpl_recency_50_50,"50% latest>=900 2025/26 (3200m) + 50% mean other usable [2023/24(2099m),2024/25(3202m)]",3.68,77.5,3.65,77.5,4.22,77.5,3.17,77.5,4.2,77.5,18.92,3.78,387.5
391,Gvardiol,MCI,DEF,Regular Starter,eligible,fpl_recency_50_50,"50% latest>=900 2025/26 (1370m) + 50% mean other usable [2023/24(2327m),2024/25(3278m)]",3.63,62.0,3.61,62.0,4.29,62.0,3.04,62.0,4.28,62.0,18.86,3.77,310.0
112,Van Hecke,TOT,DEF,Nailed Starter,eligible,fpl_recency_50_50,"50% latest>=900 2025/26 (3210m) + 50% mean other usable [2023/24(2368m),2024/25(2960m)]",3.57,77.5,4.46,77.5,3.61,77.5,3.58,77.5,3.6,77.5,18.81,3.76,387.5
452,Bruno G.,NEW,MID,Nailed Starter,eligible,fpl_recency_50_50,"50% latest>=900 2025/26 (2456m) + 50% mean other usable [2023/24(3264m),2024/25(3273m)]",3.29,77.5,3.73,77.5,3.75,77.5,3.67,77.5,4.36,77.5,18.8,3.76,387.5
542,E.Le Fée,SUN,MID,Nailed Starter,eligible,fpl_single_usable_season,"100% latest-eligible 2025/26 (2930 mins, floor>=900)",4.36,77.5,4.4,77.5,3.75,77.5,3.34,77.5,2.92,77.5,18.77,3.75,387.5
445,Thiaw,NEW,DEF,Nailed Starter,eligible,fpl_single_usable_season,"100% latest-eligible 2025/26 (2963 mins, floor>=900)",2.92,77.5,3.7,77.5,3.7,77.5,3.64,77.5,4.76,77.5,18.72,3.74,387.5
11,Mosquera,ARS,DEF,Regular Starter,eligible,fpl_single_usable_season,"100% latest-eligible 2025/26 (986 mins, floor>=900)",4.28,62.0,3.39,62.0,3.38,62.0,3.78,62.0,3.79,62.0,18.63,3.73,310.0
533,Mukiele,SUN,DEF,Nailed Starter,eligible,fpl_single_usable_season,"100% latest-eligible 2025/26 (2784 mins, floor>=900)",4.65,77.5,4.67,77.5,3.73,77.5,3.08,77.5,2.48,77.5,18.61,3.72,387.5
8,Calafiori,ARS,DEF,Regular Starter,eligible,fpl_recency_50_50,50% latest>=900 2025/26 (1697m) + 50% mean other usable [2024/25(978m)],4.44,62.0,3.25,62.0,3.24,62.0,3.79,62.0,3.8,62.0,18.51,3.7,310.0
335,Stach,LEE,MID,Nailed Starter,eligible,fpl_single_usable_season,"100% latest-eligible 2025/26 (2369 mins, floor>=900)",3.6,77.5,3.6,77.5,3.57,77.5,4.04,77.5,3.62,77.5,18.44,3.69,387.5
562,Maeda,IPS,MID,Regular Starter,eligible,external_3season_research,External Celtic xG/xA; best-guess CBITR 7.69/90 (SPFL incomplete; scout+FootyMetrics),4.59,62.0,3.15,62.0,3.09,62.0,3.81,62.0,3.81,62.0,18.44,3.69,310.0
88,Kayode,BRE,DEF,Nailed Starter,eligible,fpl_recency_50_50,50% latest>=900 2025/26 (3258m) + 50% mean other usable [2024/25(523m)],3.67,77.5,3.64,77.5,4.43,77.5,3.64,77.5,2.97,77.5,18.36,3.67,387.5
202,Richards,CRY,DEF,Nailed Starter,eligible,fpl_recency_50_50,"50% latest>=900 2025/26 (2825m) + 50% mean other usable [2023/24(2091m),2024/25(1921m)]",3.63,77.5,2.91,77.5,3.64,77.5,4.49,77.5,3.61,77.5,18.27,3.65,387.5
124,Groß,BHA,MID,Nailed Starter,eligible,fpl_recency_50_50,50% latest>=900 2025/26 (1636m) + 50% mean other usable [2023/24(3112m)],3.68,77.5,3.08,77.5,4.17,77.5,4.13,77.5,3.15,77.5,18.19,3.64,387.5
84,Collins,BRE,DEF,Nailed Starter,eligible,fpl_recency_50_50,"50% latest>=900 2025/26 (2971m) + 50% mean other usable [2023/24(2649m),2024/25(3420m)]",3.62,77.5,3.58,77.5,4.44,77.5,3.59,77.5,2.9,77.5,18.15,3.63,387.5
32,Cash,AVL,DEF,Nailed Starter,eligible,fpl_recency_50_50,"50% latest>=900 2025/26 (3016m) + 50% mean other usable [2023/24(2138m),2024/25(2069m)]",3.58,77.5,2.88,77.5,4.47,77.5,3.63,77.5,3.59,77.5,18.15,3.63,387.5
260,Wilson,LEE,MID,Nailed Starter,eligible,fpl_recency_50_50,"50% latest>=900 2025/26 (2674m) + 50% mean other usable [2023/24(1603m),2024/25(1148m)]",3.51,77.5,3.51,77.5,3.48,77.5,4.09,77.5,3.52,77.5,18.12,3.62,387.5
412,Lammens,MUN,GKP,Nailed Starter,eligible,fpl_single_usable_season+defcon_external_fill,"100% latest-eligible 2025/26 (2880 mins, floor>=900); defcon_external_fill",4.19,77.5,4.17,77.5,3.43,77.5,2.83,77.5,3.45,77.5,18.06,3.61,387.5
499,Pedro Porro,TOT,DEF,Nailed Starter,eligible,fpl_recency_50_50,"50% latest>=900 2025/26 (2793m) + 50% mean other usable [2023/24(3090m),2024/25(2606m)]",3.41,77.5,4.36,77.5,3.44,77.5,3.41,77.5,3.43,77.5,18.06,3.61,387.5
130,Wieffer,BHA,DEF,Regular Starter,eligible,fpl_recency_50_50,50% latest>=900 2025/26 (1901m) + 50% mean other usable [2024/25(1003m)],3.58,62.0,2.89,62.0,4.31,62.0,4.28,62.0,2.94,62.0,17.99,3.6,310.0
68,Tavernier,BOU,MID,Nailed Starter,eligible,fpl_recency_50_50,"50% latest>=900 2025/26 (2732m) + 50% mean other usable [2023/24(2118m),2024/25(1932m)]",2.87,77.5,3.89,77.5,3.91,77.5,3.89,77.5,3.32,77.5,17.88,3.58,387.5
442,Pope,NEW,GKP,Nailed Starter,eligible,fpl_recency_50_50+defcon_baseline_fill,"50% latest>=900 2025/26 (2416m) + 50% mean other usable [2023/24(1345m),2024/25(2520m)]; defcon_baseline_fill",2.99,77.5,3.53,77.5,3.54,77.5,3.45,77.5,4.34,77.5,17.85,3.57,387.5
367,Gakpo,LIV,MID,Regular Starter,eligible,fpl_recency_50_50,"50% latest>=900 2025/26 (2736m) + 50% mean other usable [2023/24(1633m),2024/25(1921m)]",3.35,62.0,3.35,62.0,3.91,62.0,3.9,62.0,3.33,62.0,17.84,3.57,310.0
69,Scott,BOU,MID,Nailed Starter,eligible,fpl_recency_50_50,"50% latest>=900 2025/26 (2848m) + 50% mean other usable [2023/24(1003m),2024/25(745m)]",3.16,77.5,3.73,77.5,3.74,77.5,3.72,77.5,3.41,77.5,17.76,3.55,387.5
236,Dewsbury-Hall,EVE,MID,Nailed Starter,eligible,fpl_single_usable_season,"100% latest-eligible 2025/26 (2629 mins, floor>=900)",3.52,77.5,3.5,77.5,3.09,77.5,3.54,77.5,4.06,77.5,17.71,3.54,387.5
338,Ampadu,LEE,MID,Nailed Starter,eligible,fpl_single_usable_season,"100% latest-eligible 2025/26 (3119 mins, floor>=900)",3.47,77.5,3.47,77.5,3.45,77.5,3.77,77.5,3.48,77.5,17.64,3.53,387.5
67,Rayan,BOU,MID,Nailed Starter,eligible,fpl_single_usable_season,"100% latest-eligible 2025/26 (1110 mins, floor>=900)",2.83,77.5,3.84,77.5,3.85,77.5,3.82,77.5,3.29,77.5,17.63,3.53,387.5
371,Gravenberch,LIV,MID,Nailed Starter,eligible,fpl_recency_50_50,"50% latest>=900 2025/26 (2991m) + 50% mean other usable [2023/24(1110m),2024/25(3160m)]",3.39,77.5,3.4,77.5,3.69,77.5,3.68,77.5,3.37,77.5,17.53,3.51,387.5
226,Pickford,EVE,GKP,Nailed Starter,eligible,fpl_recency_50_50+defcon_baseline_fill,"50% latest>=900 2025/26 (3420m) + 50% mean other usable [2023/24(3420m),2024/25(3420m)]; defcon_baseline_fill",3.46,77.5,3.44,77.5,2.91,77.5,3.47,77.5,4.2,77.5,17.49,3.5,387.5
82,Kelleher,BRE,GKP,Nailed Starter,eligible,fpl_recency_50_50+defcon_baseline_fill,"50% latest>=900 2025/26 (3330m) + 50% mean other usable [2023/24(900m),2024/25(900m)]; defcon_baseline_fill",3.51,77.5,3.45,77.5,4.16,77.5,3.47,77.5,2.89,77.5,17.48,3.5,387.5
28,Martinez,AVL,GKP,Nailed Starter,eligible,fpl_recency_50_50+defcon_baseline_fill,"50% latest>=900 2025/26 (2835m) + 50% mean other usable [2023/24(3015m),2024/25(3195m)]; defcon_baseline_fill",3.43,77.5,2.88,77.5,4.2,77.5,3.5,77.5,3.45,77.5,17.46,3.49,387.5
423,Shaw,MUN,DEF,Nailed Starter,eligible,fpl_recency_50_50,50% latest>=900 2025/26 (3220m) + 50% mean other usable [2023/24(960m)],4.08,77.5,4.07,77.5,3.28,77.5,2.63,77.5,3.29,77.5,17.36,3.47,387.5
327,Bijol,LEE,DEF,Regular Starter,eligible,fpl_single_usable_season,"100% latest-eligible 2025/26 (1888 mins, floor>=900)",3.33,62.0,3.33,62.0,3.31,62.0,3.97,62.0,3.34,62.0,17.27,3.45,310.0
149,Colwill,CHE,DEF,Nailed Starter,eligible,fpl_recency_50_50,50% latest>=900 2024/25 (3150m) + 50% mean other usable [2023/24(1794m)],3.37,77.5,4.15,77.5,2.21,77.5,4.17,77.5,3.36,77.5,17.26,3.45,387.5
467,Sels,NFO,GKP,Nailed Starter,eligible,fpl_recency_50_50+defcon_baseline_fill,"50% latest>=900 2025/26 (2667m) + 50% mean other usable [2023/24(1440m),2024/25(3420m)]; defcon_baseline_fill",4.07,77.5,2.76,77.5,3.38,77.5,2.81,77.5,4.1,77.5,17.14,3.43,387.5
393,Khusanov,MCI,DEF,Regular Starter,eligible,fpl_recency_50_50,50% latest>=900 2025/26 (1427m) + 50% mean other usable [2024/25(503m)],3.29,62.0,3.28,62.0,3.82,62.0,2.84,62.0,3.81,62.0,17.03,3.41,310.0
398,Foden,MCI,MID,Regular Starter,eligible,fpl_recency_50_50,"50% latest>=900 2025/26 (2078m) + 50% mean other usable [2023/24(2860m),2024/25(1771m)]",3.32,62.0,3.29,62.0,3.79,62.0,2.83,62.0,3.78,62.0,17.01,3.4,310.0
417,Dalot,MUN,DEF,Nailed Starter,eligible,fpl_recency_50_50,"50% latest>=900 2025/26 (2609m) + 50% mean other usable [2023/24(3174m),2024/25(2812m)]",4.1,77.5,4.08,77.5,3.18,77.5,2.45,77.5,3.2,77.5,17.01,3.4,387.5
140,Sánchez,CHE,GKP,Nailed Starter,eligible,fpl_recency_50_50+defcon_baseline_fill,"50% latest>=900 2025/26 (3040m) + 50% mean other usable [2023/24(1433m),2024/25(2880m)]; defcon_baseline_fill",3.32,77.5,4.0,77.5,2.34,77.5,4.02,77.5,3.3,77.5,16.98,3.4,387.5
388,Guéhi,MCI,DEF,Regular Starter,eligible,fpl_recency_50_50,"50% latest>=900 2025/26 (3150m) + 50% mean other usable [2023/24(2020m),2024/25(3059m)]",3.25,62.0,3.24,62.0,3.9,62.0,2.71,62.0,3.89,62.0,16.98,3.4,310.0
529,Roefs,SUN,GKP,Nailed Starter,eligible,fpl_single_usable_season+defcon_external_fill,"100% latest-eligible 2025/26 (3150 mins, floor>=900); defcon_external_fill",4.18,77.5,4.21,77.5,3.37,77.5,2.86,77.5,2.32,77.5,16.94,3.39,387.5
159,Caicedo,CHE,MID,Nailed Starter,eligible,fpl_recency_50_50,"50% latest>=900 2025/26 (2796m) + 50% mean other usable [2023/24(2865m),2024/25(3351m)]",3.36,77.5,3.57,77.5,3.03,77.5,3.58,77.5,3.35,77.5,16.89,3.38,387.5
230,Branthwaite,EVE,DEF,Regular Starter,eligible,fpl_recency_50_50,"50% latest>=900 2024/25 (2509m) + 50% mean other usable [2023/24(3116m),2025/26(678m)]",3.35,62.0,3.34,62.0,2.86,62.0,3.36,62.0,3.97,62.0,16.88,3.38,310.0
544,Xhaka,SUN,MID,Nailed Starter,eligible,fpl_single_usable_season,"100% latest-eligible 2025/26 (2901 mins, floor>=900)",3.7,77.5,3.73,77.5,3.36,77.5,3.16,77.5,2.91,77.5,16.85,3.37,387.5
109,Verbruggen,BHA,GKP,Nailed Starter,eligible,fpl_recency_50_50+defcon_baseline_fill,"50% latest>=900 2025/26 (3420m) + 50% mean other usable [2023/24(1890m),2024/25(3240m)]; defcon_baseline_fill",3.33,77.5,2.64,77.5,4.02,77.5,3.99,77.5,2.72,77.5,16.7,3.34,387.5
203,Canvot,CRY,DEF,Regular Starter,eligible,fpl_single_usable_season,"100% latest-eligible 2025/26 (1331 mins, floor>=900)",3.29,62.0,2.66,62.0,3.3,62.0,4.03,62.0,3.27,62.0,16.55,3.31,310.0
453,Barnes,NEW,MID,Regular Starter,eligible,fpl_recency_50_50,"50% latest>=900 2025/26 (1951m) + 50% mean other usable [2023/24(788m),2024/25(1746m)]",2.75,62.0,3.28,62.0,3.29,62.0,3.23,62.0,3.96,62.0,16.52,3.3,310.0
255,J.Cuenca,FUL,DEF,Regular Starter,eligible,fpl_single_usable_season,"100% latest-eligible 2025/26 (935 mins, floor>=900)",3.1,62.0,3.56,62.0,3.6,62.0,3.07,62.0,3.15,62.0,16.48,3.3,310.0
389,Matheus N.,MCI,DEF,Regular Starter,eligible,fpl_recency_50_50,"50% latest>=900 2025/26 (2861m) + 50% mean other usable [2023/24(831m),2024/25(1670m)]",3.14,62.0,3.12,62.0,3.76,62.0,2.6,62.0,3.75,62.0,16.38,3.28,310.0
428,Cunha,MUN,MID,Regular Starter,eligible,fpl_recency_50_50,"50% latest>=900 2025/26 (2493m) + 50% mean other usable [2023/24(2438m),2024/25(2596m)]",3.7,62.0,3.68,62.0,3.14,62.0,2.66,62.0,3.16,62.0,16.34,3.27,310.0
536,Reinildo,SUN,DEF,Nailed Starter,eligible,fpl_single_usable_season,"100% latest-eligible 2025/26 (1966 mins, floor>=900)",4.04,77.5,4.06,77.5,3.27,77.5,2.73,77.5,2.22,77.5,16.31,3.26,387.5
204,Mitchell,CRY,DEF,Nailed Starter,eligible,fpl_recency_50_50,"50% latest>=900 2025/26 (3253m) + 50% mean other usable [2023/24(3204m),2024/25(3090m)]",3.23,77.5,2.53,77.5,3.24,77.5,4.09,77.5,3.22,77.5,16.3,3.26,387.5
358,Kerkez,LIV,DEF,Nailed Starter,eligible,fpl_recency_50_50,"50% latest>=900 2025/26 (2251m) + 50% mean other usable [2023/24(1966m),2024/25(3336m)]",2.94,77.5,2.94,77.5,3.75,77.5,3.74,77.5,2.92,77.5,16.29,3.26,387.5
369,Ngumoha,LIV,MID,Regular Starter,eligible,fpl_equal_weight_thin_latest,Equal-weight usable ≥450 (no latest>=900): [2025/26(547m)],3.06,62.0,3.06,62.0,3.56,62.0,3.55,62.0,3.04,62.0,16.27,3.25,310.0
73,Adams,BOU,MID,Nailed Starter,eligible,fpl_recency_50_50,50% latest>=900 2025/26 (1769m) + 50% mean other usable [2024/25(1959m)],3.01,77.5,3.36,77.5,3.37,77.5,3.36,77.5,3.17,77.5,16.27,3.25,387.5
95,O.Dango,BRE,MID,Regular Starter,eligible,fpl_recency_50_50,"50% latest>=900 2025/26 (2271m) + 50% mean other usable [2023/24(1214m),2024/25(1998m)]",3.27,62.0,3.23,62.0,3.74,62.0,3.24,62.0,2.76,62.0,16.24,3.25,310.0
431,Amad,MUN,MID,Regular Starter,eligible,fpl_recency_50_50,50% latest>=900 2025/26 (2339m) + 50% mean other usable [2024/25(1898m)],3.64,62.0,3.62,62.0,3.13,62.0,2.68,62.0,3.15,62.0,16.2,3.24,310.0
357,Frimpong,LIV,DEF,Regular Starter,eligible,fpl_single_usable_season,"100% latest-eligible 2025/26 (1032 mins, floor>=900)",2.98,62.0,2.98,62.0,3.63,62.0,3.63,62.0,2.96,62.0,16.18,3.24,310.0
198,Henderson,CRY,GKP,Nailed Starter,eligible,fpl_recency_50_50+defcon_baseline_fill,"50% latest>=900 2025/26 (3330m) + 50% mean other usable [2023/24(1620m),2024/25(3420m)]; defcon_baseline_fill",3.21,77.5,2.58,77.5,3.23,77.5,3.97,77.5,3.19,77.5,16.18,3.24,387.5
127,Gomez,BHA,MID,Regular Starter,eligible,fpl_recency_50_50,50% latest>=900 2025/26 (2117m) + 50% mean other usable [2024/25(507m)],3.25,62.0,2.82,62.0,3.63,62.0,3.61,62.0,2.86,62.0,16.17,3.23,310.0
173,Thomas,COV,DEF,Regular Starter,eligible,external_3season_research,External CHA 2023-26: Bobby Thomas Coventry CB; CBIT Defcon; FBref+FotMob; mins~10017,2.33,62.0,4.09,62.0,2.3,62.0,4.06,62.0,3.39,62.0,16.16,3.23,310.0
175,van Ewijk,COV,DEF,Regular Starter,eligible,external_3season_research,External Coventry DEF; FBref CBIT Defcon 7.00/90 (2023-25),2.35,62.0,4.04,62.0,2.32,62.0,4.01,62.0,3.39,62.0,16.12,3.22,310.0
329,Rodon,LEE,DEF,Nailed Starter,eligible,fpl_single_usable_season,"100% latest-eligible 2025/26 (2952 mins, floor>=900)",3.06,77.5,3.06,77.5,3.04,77.5,3.88,77.5,3.07,77.5,16.12,3.22,387.5
188,Torp,COV,MID,Regular Starter,eligible,external_3season_research,External Coventry MID; FBref CBITR Defcon 11.05/90 (2023-25),2.62,62.0,3.8,62.0,2.59,62.0,3.75,62.0,3.35,62.0,16.11,3.22,310.0
155,Enzo,CHE,MID,Regular Starter,eligible,fpl_recency_50_50,"50% latest>=900 2025/26 (3114m) + 50% mean other usable [2023/24(2208m),2024/25(2943m)]",3.19,62.0,3.66,62.0,2.38,62.0,3.67,62.0,3.17,62.0,16.07,3.21,310.0
502,Robertson,TOT,DEF,Regular Starter,eligible,fpl_recency_50_50,"50% latest>=900 2025/26 (1165m) + 50% mean other usable [2023/24(1689m),2024/25(2479m)]",3.05,62.0,3.8,62.0,3.07,62.0,3.05,62.0,3.06,62.0,16.04,3.21,310.0
193,Wright,COV,FWD,Regular Starter,eligible,external_3season_research,External CHA 2023-26: Haji Wright; best-guess CBITR 5.28/90 from 23/24-24/25 FBref,2.3,62.0,4.07,62.0,2.26,62.0,3.98,62.0,3.37,62.0,15.99,3.2,310.0
254,Robinson,FUL,DEF,Nailed Starter,eligible,fpl_recency_50_50,"50% latest>=900 2025/26 (1487m) + 50% mean other usable [2023/24(3266m),2024/25(3166m)]",2.91,77.5,3.59,77.5,3.64,77.5,2.88,77.5,2.97,77.5,15.98,3.2,387.5
247,Hackney,EVE,MID,Regular Starter,eligible,external_3season_research,External Middlesbrough; FBref CBITR Defcon 12.03/90 (Hackney),3.16,62.0,3.14,62.0,2.88,62.0,3.17,62.0,3.5,62.0,15.85,3.17,310.0
392,Aït-Nouri,MCI,DEF,Regular Starter,eligible,fpl_recency_50_50,"50% latest>=900 2025/26 (971m) + 50% mean other usable [2023/24(2327m),2024/25(3112m)]",3.01,62.0,2.99,62.0,3.71,62.0,2.41,62.0,3.7,62.0,15.83,3.17,310.0
503,Van de Ven,TOT,DEF,Nailed Starter,eligible,fpl_recency_50_50,"50% latest>=900 2025/26 (3041m) + 50% mean other usable [2023/24(2341m),2024/25(1014m)]",2.98,77.5,3.84,77.5,3.01,77.5,2.99,77.5,3.0,77.5,15.83,3.17,387.5
142,James,CHE,DEF,Regular Starter,eligible,fpl_recency_50_50,50% latest>=900 2025/26 (1957m) + 50% mean other usable [2024/25(1057m)],3.11,62.0,3.74,62.0,2.12,62.0,3.75,62.0,3.1,62.0,15.82,3.16,310.0
286,Belloumi,HUL,MID,Regular Starter,eligible,external_3season_research,External Farense/Hull; FBref CBITR Defcon 9.97/90 (Belloumi),2.84,62.0,3.7,62.0,3.24,62.0,2.78,62.0,3.23,62.0,15.79,3.16,310.0
25,Gyökeres,ARS,FWD,Regular Starter,eligible,fpl_single_usable_season,"100% latest-eligible 2025/26 (2217 mins, floor>=900)",3.84,62.0,2.74,62.0,2.72,62.0,3.22,62.0,3.24,62.0,15.77,3.15,310.0
41,Buendía,AVL,MID,Regular Starter,eligible,fpl_single_usable_season,"100% latest-eligible 2025/26 (1753 mins, floor>=900)",3.11,62.0,2.78,62.0,3.51,62.0,3.15,62.0,3.12,62.0,15.67,3.13,310.0
471,Milenković,NFO,DEF,Regular Starter,eligible,fpl_recency_50_50,50% latest>=900 2025/26 (3375m) + 50% mean other usable [2024/25(3330m)],3.73,62.0,2.53,62.0,3.09,62.0,2.55,62.0,3.74,62.0,15.63,3.13,310.0
557,Tzolis,ARS,MID,Regular Starter,eligible,external_3season_research,External best-guess: Tzolis Club Brugge/PAOK wing rates → FPL MID proxy,3.8,62.0,2.72,62.0,2.71,62.0,3.2,62.0,3.21,62.0,15.63,3.13,310.0
13,Rice,ARS,MID,Regular Starter,eligible,fpl_recency_50_50,"50% latest>=900 2025/26 (3093m) + 50% mean other usable [2023/24(3225m),2024/25(2823m)]",3.5,62.0,2.89,62.0,2.88,62.0,3.16,62.0,3.17,62.0,15.61,3.12,310.0
474,Jair Cunha,NFO,DEF,Regular Starter,eligible,fpl_equal_weight_thin_latest,Equal-weight usable ≥450 (no latest>=900): [2025/26(514m)],3.68,62.0,2.54,62.0,3.07,62.0,2.56,62.0,3.69,62.0,15.54,3.11,310.0
61,Truffert,BOU,DEF,Nailed Starter,eligible,fpl_single_usable_season,"100% latest-eligible 2025/26 (3378 mins, floor>=900)",2.27,77.5,3.47,77.5,3.48,77.5,3.46,77.5,2.81,77.5,15.48,3.1,387.5
116,Dunk,BHA,DEF,Nailed Starter,eligible,fpl_recency_50_50,"50% latest>=900 2025/26 (2837m) + 50% mean other usable [2023/24(2869m),2024/25(2081m)]",3.05,77.5,2.31,77.5,3.88,77.5,3.86,77.5,2.35,77.5,15.45,3.09,387.5
336,Okafor,LEE,MID,Regular Starter,eligible,fpl_single_usable_season,"100% latest-eligible 2025/26 (1553 mins, floor>=900)",2.98,62.0,2.98,62.0,2.96,62.0,3.45,62.0,2.99,62.0,15.37,3.07,310.0
400,Doku,MCI,MID,Regular Starter,eligible,fpl_recency_50_50,"50% latest>=900 2025/26 (1773m) + 50% mean other usable [2023/24(1585m),2024/25(1506m)]",3.0,62.0,2.98,62.0,3.36,62.0,2.63,62.0,3.35,62.0,15.31,3.06,310.0
447,Botman,NEW,DEF,Regular Starter,eligible,fpl_recency_50_50,50% latest>=900 2025/26 (1834m) + 50% mean other usable [2023/24(1375m)],2.48,62.0,3.01,62.0,3.02,62.0,2.98,62.0,3.76,62.0,15.25,3.05,310.0
115,De Cuyper,BHA,DEF,Regular Starter,eligible,fpl_single_usable_season,"100% latest-eligible 2025/26 (1404 mins, floor>=900)",3.02,62.0,2.23,62.0,3.87,62.0,3.85,62.0,2.27,62.0,15.24,3.05,310.0
26,Havertz,ARS,FWD,Regular Starter,eligible,fpl_recency_50_50,"50% latest>=900 2024/25 (1872m) + 50% mean other usable [2023/24(2627m),2025/26(577m)]",3.68,62.0,2.66,62.0,2.65,62.0,3.11,62.0,3.13,62.0,15.23,3.05,310.0
31,Konsa,AVL,DEF,Nailed Starter,eligible,fpl_recency_50_50,"50% latest>=900 2025/26 (3035m) + 50% mean other usable [2023/24(3069m),2024/25(2936m)]",2.99,77.5,2.37,77.5,3.82,77.5,3.03,77.5,3.0,77.5,15.22,3.04,387.5
274,Butland,HUL,GKP,Regular Starter,eligible,external_3season_research,External SPFL 2023-26: Jack Butland Rangers proxy (no Hull mins yet); mins~9180,2.69,62.0,3.64,62.0,3.12,62.0,2.62,62.0,3.11,62.0,15.18,3.04,310.0
279,Ajayi,HUL,DEF,Regular Starter,eligible,external_3season_research,External best-guess: Ajayi CHA/PL CB; CBIT-style Defcon proxy,2.62,62.0,3.74,62.0,3.12,62.0,2.57,62.0,3.11,62.0,15.16,3.03,310.0
469,N.Williams,NFO,DEF,Regular Starter,eligible,fpl_recency_50_50,"50% latest>=900 2025/26 (3203m) + 50% mean other usable [2023/24(1630m),2024/25(2588m)]",3.67,62.0,2.39,62.0,2.99,62.0,2.41,62.0,3.69,62.0,15.16,3.03,310.0
480,Gibbs-White,NFO,MID,Regular Starter,eligible,fpl_recency_50_50,"50% latest>=900 2025/26 (3101m) + 50% mean other usable [2023/24(3156m),2024/25(2806m)]",3.45,62.0,2.56,62.0,3.02,62.0,2.59,62.0,3.47,62.0,15.09,3.02,310.0
232,O'Brien,EVE,DEF,Regular Starter,eligible,fpl_recency_50_50,50% latest>=900 2025/26 (3118m) + 50% mean other usable [2024/25(1568m)],2.99,62.0,2.98,62.0,2.49,62.0,3.0,62.0,3.61,62.0,15.07,3.01,310.0
36,Maatsen,AVL,DEF,Regular Starter,eligible,fpl_recency_50_50,50% latest>=900 2025/26 (1590m) + 50% mean other usable [2024/25(1125m)],2.97,62.0,2.35,62.0,3.76,62.0,3.0,62.0,2.98,62.0,15.06,3.01,310.0
514,Tel,TOT,MID,Regular Starter,eligible,fpl_recency_50_50,50% latest>=900 2025/26 (1334m) + 50% mean other usable [2024/25(908m)],2.91,62.0,3.37,62.0,2.94,62.0,2.91,62.0,2.93,62.0,15.05,3.01,310.0
152,Palestra,CHE,DEF,Regular Starter,eligible,external_3season_research,External best-guess: Palestra Chelsea RWB/RB; CHA/U23 defensive proxy,2.92,62.0,3.58,62.0,1.94,62.0,3.59,62.0,2.91,62.0,14.95,2.99,310.0
261,Iwobi,FUL,MID,Nailed Starter,eligible,fpl_recency_50_50,"50% latest>=900 2025/26 (2420m) + 50% mean other usable [2023/24(2331m),2024/25(2981m)]",2.83,77.5,3.19,77.5,3.25,77.5,2.79,77.5,2.88,77.5,14.93,2.99,387.5
283,Jacob,NEW,DEF,Regular Starter,eligible,external_3season_research,External best-guess: Jacob NEW DEF; CBIT Defcon proxy,2.44,62.0,2.95,62.0,2.96,62.0,2.92,62.0,3.64,62.0,14.92,2.98,310.0
113,F.Kadıoğlu,BHA,DEF,Regular Starter,eligible,fpl_single_usable_season,"100% latest-eligible 2025/26 (3130 mins, floor>=900)",2.96,62.0,2.34,62.0,3.62,62.0,3.6,62.0,2.37,62.0,14.88,2.98,310.0
487,Dominguez,NFO,MID,Regular Starter,eligible,fpl_recency_50_50,"50% latest>=900 2025/26 (1168m) + 50% mean other usable [2023/24(1489m),2024/25(1954m)]",3.2,62.0,2.73,62.0,2.97,62.0,2.75,62.0,3.21,62.0,14.86,2.97,310.0
488,Sangaré,NFO,MID,Regular Starter,eligible,fpl_recency_50_50,"50% latest>=900 2025/26 (2073m) + 50% mean other usable [2023/24(1031m),2024/25(584m)]",3.13,62.0,2.77,62.0,2.97,62.0,2.8,62.0,3.15,62.0,14.83,2.97,310.0
122,Minteh,BHA,MID,Regular Starter,eligible,fpl_recency_50_50,50% latest>=900 2025/26 (2389m) + 50% mean other usable [2024/25(1831m)],2.98,62.0,2.53,62.0,3.38,62.0,3.36,62.0,2.57,62.0,14.82,2.96,310.0
295,McBurnie,HUL,FWD,Regular Starter,eligible,fpl_single_usable_season+defcon_baseline_fill,"100% latest-eligible 2023/24 (1279 mins, floor>=900); defcon_baseline_fill",2.59,62.0,3.57,62.0,3.06,62.0,2.53,62.0,3.06,62.0,14.8,2.96,310.0
458,Joelinton,NEW,MID,Regular Starter,eligible,fpl_recency_50_50,"50% latest>=900 2025/26 (1950m) + 50% mean other usable [2023/24(1276m),2024/25(2394m)]",2.69,62.0,2.95,62.0,2.95,62.0,2.91,62.0,3.29,62.0,14.79,2.96,310.0
430,Mount,MUN,MID,Regular Starter,eligible,fpl_recency_50_50,"50% latest>=900 2025/26 (1010m) + 50% mean other usable [2023/24(509m),2024/25(613m)]",3.29,62.0,3.27,62.0,2.86,62.0,2.49,62.0,2.87,62.0,14.79,2.96,310.0
490,Wood,NFO,FWD,Regular Starter,eligible,fpl_recency_50_50,"50% latest>=900 2024/25 (2958m) + 50% mean other usable [2023/24(1801m),2025/26(896m)]",3.39,62.0,2.48,62.0,2.97,62.0,2.51,62.0,3.43,62.0,14.78,2.96,310.0
280,Coyle,HUL,DEF,Regular Starter,eligible,external_3season_research,External Hull DEF; FBref CBIT Defcon 7.36/90 (Coyle),2.5,62.0,3.72,62.0,3.05,62.0,2.45,62.0,3.04,62.0,14.77,2.95,310.0
308,Furlong,IPS,DEF,Regular Starter,eligible,external_3season_research,External best-guess: Furlong CHA RB/CB; CBIT Defcon proxy,3.7,62.0,2.51,62.0,2.48,62.0,3.03,62.0,3.03,62.0,14.74,2.95,310.0
209,Johnson,CRY,MID,Regular Starter,eligible,fpl_recency_50_50,"50% latest>=900 2025/26 (1710m) + 50% mean other usable [2023/24(2317m),2024/25(2171m)]",2.93,62.0,2.48,62.0,2.94,62.0,3.41,62.0,2.92,62.0,14.68,2.94,310.0
46,Barkley,AVL,MID,Regular Starter,eligible,fpl_recency_50_50,"50% latest>=900 2023/24 (2616m) + 50% mean other usable [2024/25(567m),2025/26(844m)]",2.91,62.0,2.62,62.0,3.28,62.0,2.94,62.0,2.92,62.0,14.67,2.93,310.0
564,Scherpen,IPS,GKP,Regular Starter,eligible,external_3season_research,External best-guess: Scherpen Ajax/Eredivisie GKP saves proxy,3.58,62.0,2.56,62.0,2.51,62.0,2.99,62.0,2.99,62.0,14.63,2.93,310.0
162,Andrey Santos,MUN,MID,Regular Starter,eligible,fpl_single_usable_season,"100% latest-eligible 2025/26 (1247 mins, floor>=900)",3.17,62.0,3.16,62.0,2.83,62.0,2.54,62.0,2.85,62.0,14.56,2.91,310.0
186,Mason-Clark,COV,MID,Regular Starter,eligible,external_3season_research,External Coventry MID; FBref CBITR 6.52/90 Coventry slice only,2.25,62.0,3.52,62.0,2.22,62.0,3.47,62.0,3.03,62.0,14.48,2.9,310.0
455,Tonali,TOT,MID,Regular Starter,eligible,fpl_recency_50_50,50% latest>=900 2025/26 (2534m) + 50% mean other usable [2024/25(2625m)],2.82,62.0,3.13,62.0,2.85,62.0,2.83,62.0,2.84,62.0,14.47,2.89,310.0
206,Chadi Riad,CRY,DEF,Regular Starter,eligible,fpl_equal_weight_thin_latest,Equal-weight usable ≥450 (no latest>=900): [2025/26(550m)],2.87,62.0,2.32,62.0,2.88,62.0,3.53,62.0,2.86,62.0,14.46,2.89,310.0
240,Iroegbunam,EVE,MID,Regular Starter,eligible,fpl_recency_50_50,50% latest>=900 2025/26 (1477m) + 50% mean other usable [2024/25(562m)],2.87,62.0,2.86,62.0,2.76,62.0,2.88,62.0,3.05,62.0,14.43,2.89,310.0
315,Fatawu,IPS,MID,Regular Starter,eligible,fpl_equal_weight_thin_latest,Equal-weight usable ≥450 (no latest>=900): [2024/25(576m)],3.21,62.0,2.69,62.0,2.65,62.0,2.91,62.0,2.91,62.0,14.38,2.88,310.0
552,Brobbey,SUN,FWD,Nailed Starter,eligible,fpl_single_usable_season,"100% latest-eligible 2025/26 (1920 mins, floor>=900)",3.31,77.5,3.34,77.5,2.87,77.5,2.57,77.5,2.26,77.5,14.36,2.87,387.5
250,Leno,FUL,GKP,Nailed Starter,eligible,fpl_recency_50_50+defcon_baseline_fill,"50% latest>=900 2025/26 (3420m) + 50% mean other usable [2023/24(3420m),2024/25(3420m)]; defcon_baseline_fill",2.63,77.5,3.17,77.5,3.23,77.5,2.58,77.5,2.7,77.5,14.31,2.86,387.5
534,Hume,SUN,DEF,Regular Starter,eligible,fpl_single_usable_season,"100% latest-eligible 2025/26 (3032 mins, floor>=900)",3.58,62.0,3.6,62.0,2.87,62.0,2.34,62.0,1.86,62.0,14.25,2.85,310.0
184,Grimes,COV,MID,Regular Starter,eligible,external_3season_research,External Swansea/Coventry; FBref CBITR Defcon 10.80/90,2.46,62.0,3.22,62.0,2.43,62.0,3.19,62.0,2.93,62.0,14.21,2.84,310.0
156,Neto,CHE,MID,Regular Starter,eligible,fpl_recency_50_50,"50% latest>=900 2025/26 (2629m) + 50% mean other usable [2023/24(1516m),2024/25(2262m)]",2.81,62.0,3.19,62.0,2.17,62.0,3.2,62.0,2.81,62.0,14.17,2.83,310.0
496,Kinsky,TOT,GKP,Regular Starter,eligible,fpl_equal_weight_thin_latest+defcon_baseline_fill,"Equal-weight usable ≥450 (no latest>=900): [2024/25(540m),2025/26(630m)]; defcon_baseline_fill",2.7,62.0,3.31,62.0,2.73,62.0,2.7,62.0,2.72,62.0,14.15,2.83,310.0
525,Fernandes,TOT,MID,Regular Starter,eligible,fpl_recency_50_50,50% latest>=900 2025/26 (3017m) + 50% mean other usable [2024/25(2911m)],2.77,62.0,3.04,62.0,2.79,62.0,2.77,62.0,2.78,62.0,14.15,2.83,310.0
406,Kovačić,MCI,MID,Regular Starter,eligible,fpl_recency_50_50,50% latest>=900 2024/25 (2194m) + 50% mean other usable [2023/24(1539m)],2.77,62.0,2.75,62.0,2.98,62.0,2.56,62.0,2.98,62.0,14.05,2.81,310.0
233,Mykolenko,EVE,DEF,Regular Starter,eligible,fpl_recency_50_50,"50% latest>=900 2025/26 (2959m) + 50% mean other usable [2023/24(2469m),2024/25(3082m)]",2.78,62.0,2.77,62.0,2.28,62.0,2.78,62.0,3.43,62.0,14.03,2.81,310.0
131,Baleba,BHA,MID,Regular Starter,eligible,fpl_recency_50_50,"50% latest>=900 2025/26 (1646m) + 50% mean other usable [2023/24(1314m),2024/25(2660m)]",2.82,62.0,2.58,62.0,2.99,62.0,2.98,62.0,2.62,62.0,14.0,2.8,310.0
345,Tanaka,LEE,MID,Regular Starter,eligible,fpl_single_usable_season,"100% latest-eligible 2025/26 (1307 mins, floor>=900)",2.74,62.0,2.74,62.0,2.72,62.0,3.01,62.0,2.75,62.0,13.96,2.79,310.0
526,Solanke,TOT,FWD,Regular Starter,eligible,fpl_recency_50_50,"50% latest>=900 2025/26 (997m) + 50% mean other usable [2023/24(3325m),2024/25(2199m)]",2.7,62.0,3.08,62.0,2.73,62.0,2.7,62.0,2.72,62.0,13.93,2.79,310.0
123,Hinshelwood,BHA,MID,Regular Starter,eligible,fpl_recency_50_50,"50% latest>=900 2025/26 (1736m) + 50% mean other usable [2023/24(866m),2024/25(1839m)]",2.8,62.0,2.39,62.0,3.16,62.0,3.14,62.0,2.43,62.0,13.93,2.79,310.0
57,Petrović,BOU,GKP,Nailed Starter,eligible,fpl_recency_50_50+defcon_baseline_fill,50% latest>=900 2025/26 (3420m) + 50% mean other usable [2023/24(1986m)]; defcon_baseline_fill,2.07,77.5,3.09,77.5,3.1,77.5,3.08,77.5,2.54,77.5,13.88,2.78,387.5
473,Aina,NFO,DEF,Regular Starter,eligible,fpl_recency_50_50,"50% latest>=900 2025/26 (1587m) + 50% mean other usable [2023/24(1690m),2024/25(2996m)]",3.34,62.0,2.2,62.0,2.72,62.0,2.22,62.0,3.35,62.0,13.83,2.77,310.0
54,Gomes,AVL,MID,Regular Starter,eligible,fpl_recency_50_50,"50% latest>=900 2025/26 (2829m) + 50% mean other usable [2023/24(2646m),2024/25(2975m)]",2.74,62.0,2.58,62.0,2.97,62.0,2.77,62.0,2.75,62.0,13.82,2.76,310.0
182,Amenda,COV,DEF,Regular Starter,eligible,external_3season_research,External YB/Frankfurt xG/xA; best-guess CBIT 8.03/90 from UCL scout sample,1.97,62.0,3.52,62.0,1.95,62.0,3.49,62.0,2.88,62.0,13.81,2.76,310.0
332,Justin,LEE,DEF,Regular Starter,eligible,fpl_recency_50_50,50% latest>=900 2025/26 (1893m) + 50% mean other usable [2024/25(2912m)],2.62,62.0,2.62,62.0,2.61,62.0,3.33,62.0,2.63,62.0,13.8,2.76,310.0
545,Sadiki,SUN,MID,Nailed Starter,eligible,fpl_single_usable_season,"100% latest-eligible 2025/26 (2891 mins, floor>=900)",3.02,77.5,3.04,77.5,2.74,77.5,2.58,77.5,2.39,77.5,13.76,2.75,387.5
20,Dowman,ARS,MID,Regular Starter,eligible,external_3season_research,External best-guess: Dowman academy MID; tempered from thin 2025/26 FPL sample,3.22,62.0,2.45,62.0,2.44,62.0,2.79,62.0,2.8,62.0,13.7,2.74,310.0
5,J.Timber,ARS,DEF,Regular Starter,exclude_gw1,fpl_recency_50_50,50% latest>=900 2025/26 (2452m) + 50% mean other usable [2024/25(2415m)],0.0,0.0,3.16,62.0,3.15,62.0,3.68,62.0,3.69,62.0,13.68,2.74,248.0
70,Kluivert,BOU,MID,Regular Starter,eligible,fpl_recency_50_50,"50% latest>=900 2025/26 (945m) + 50% mean other usable [2023/24(1910m),2024/25(2339m)]",2.2,62.0,2.97,62.0,2.97,62.0,2.96,62.0,2.54,62.0,13.65,2.73,310.0
158,Gittens,CHE,MID,Regular Starter,eligible,fpl_equal_weight_thin_latest,Equal-weight usable ≥450 (no latest>=900): [2025/26(486m)],2.71,62.0,3.05,62.0,2.13,62.0,3.06,62.0,2.7,62.0,13.65,2.73,310.0
40,Rogers,CHE,MID,Regular Starter,eligible,fpl_recency_50_50,"50% latest>=900 2025/26 (3280m) + 50% mean other usable [2023/24(636m),2024/25(3115m)]",2.7,62.0,3.04,62.0,2.13,62.0,3.05,62.0,2.7,62.0,13.63,2.73,310.0
214,Kamada,CRY,MID,Regular Starter,eligible,fpl_recency_50_50,50% latest>=900 2025/26 (1899m) + 50% mean other usable [2024/25(1545m)],2.72,62.0,2.47,62.0,2.73,62.0,2.99,62.0,2.71,62.0,13.62,2.72,310.0
289,Crooks,HUL,MID,Regular Starter,eligible,external_3season_research,External best-guess: Crooks CHA box-mid; CBITR Defcon proxy,2.51,62.0,3.09,62.0,2.78,62.0,2.46,62.0,2.77,62.0,13.6,2.72,310.0
97,Jensen,BRE,MID,Regular Starter,eligible,fpl_recency_50_50,"50% latest>=900 2025/26 (2239m) + 50% mean other usable [2023/24(2201m),2024/25(846m)]",2.73,62.0,2.7,62.0,2.99,62.0,2.71,62.0,2.44,62.0,13.58,2.72,310.0
449,Hall,NEW,DEF,Regular Starter,eligible,fpl_recency_50_50,"50% latest>=900 2025/26 (2176m) + 50% mean other usable [2023/24(773m),2024/25(2188m)]",2.13,62.0,2.68,62.0,2.69,62.0,2.65,62.0,3.42,62.0,13.57,2.71,310.0
519,Gallagher,TOT,MID,Regular Starter,eligible,fpl_recency_50_50,50% latest>=900 2025/26 (1183m) + 50% mean other usable [2023/24(3129m)],2.64,62.0,2.92,62.0,2.66,62.0,2.64,62.0,2.66,62.0,13.52,2.7,310.0
45,McGinn,AVL,MID,Regular Starter,eligible,fpl_recency_50_50,"50% latest>=900 2025/26 (2136m) + 50% mean other usable [2023/24(3000m),2024/25(2217m)]",2.68,62.0,2.38,62.0,3.04,62.0,2.71,62.0,2.69,62.0,13.5,2.7,310.0
402,Rodrigo,MCI,MID,Regular Starter,exclude_gw1,fpl_recency_50_50,50% latest>=900 2025/26 (1510m) + 50% mean other usable [2023/24(2931m)],0.0,0.0,3.29,62.0,3.57,62.0,3.05,62.0,3.56,62.0,13.47,2.69,248.0
98,Janelt,BRE,MID,Regular Starter,eligible,fpl_recency_50_50,"50% latest>=900 2025/26 (1434m) + 50% mean other usable [2023/24(3054m),2024/25(2251m)]",2.7,62.0,2.68,62.0,2.9,62.0,2.68,62.0,2.48,62.0,13.44,2.69,310.0
309,Núñez,IPS,MID,Regular Starter,eligible,external_3season_research,External best-guess: Núñez Norwich/CHA progressive MID proxy,3.04,62.0,2.46,62.0,2.43,62.0,2.72,62.0,2.72,62.0,13.38,2.68,310.0
249,Barry,EVE,FWD,Regular Starter,eligible,fpl_single_usable_season,"100% latest-eligible 2025/26 (1898 mins, floor>=900)",2.66,62.0,2.65,62.0,2.34,62.0,2.68,62.0,3.04,62.0,13.37,2.67,310.0
110,Rushworth,COV,GKP,Regular Starter,eligible,external_3season_research,"External CHA 2023/24 Swansea #1: Rushworth ~3.10 saves/90, GA90 1.41 (FBref)",1.94,62.0,3.39,62.0,1.9,62.0,3.36,62.0,2.79,62.0,13.37,2.67,310.0
194,Thomas-Asante,COV,FWD,Regular Starter,eligible,external_3season_research,External best-guess: Thomas-Asante CHA FWD xG proxy (~0.38/90),2.08,62.0,3.22,62.0,2.05,62.0,3.16,62.0,2.79,62.0,13.3,2.66,310.0
324,Mehmeti,IPS,MID,Regular Starter,eligible,external_3season_research,External best-guess: Mehmeti Basel/CHA attacking MID proxy,3.09,62.0,2.38,62.0,2.34,62.0,2.7,62.0,2.7,62.0,13.21,2.64,310.0
86,Lewis-Potter,BRE,MID,Regular Starter,eligible,fpl_recency_50_50,"50% latest>=900 2025/26 (1960m) + 50% mean other usable [2023/24(1428m),2024/25(3092m)]",2.66,62.0,2.63,62.0,3.0,62.0,2.63,62.0,2.3,62.0,13.21,2.64,310.0
87,Ajer,BRE,DEF,Regular Starter,eligible,fpl_recency_50_50,"50% latest>=900 2025/26 (1805m) + 50% mean other usable [2023/24(1826m),2024/25(1433m)]",2.63,62.0,2.61,62.0,3.3,62.0,2.61,62.0,2.07,62.0,13.21,2.64,310.0
420,Yoro,MUN,DEF,Regular Starter,eligible,fpl_recency_50_50,50% latest>=900 2025/26 (1730m) + 50% mean other usable [2024/25(1160m)],3.18,62.0,3.17,62.0,2.46,62.0,1.9,62.0,2.47,62.0,13.18,2.64,310.0
185,Sakamoto,COV,MID,Regular Starter,eligible,external_3season_research,External best-guess: Sakamoto J-League/CHA creative MID proxy,2.15,62.0,3.11,62.0,2.12,62.0,3.07,62.0,2.73,62.0,13.18,2.64,310.0
551,Angulo,SUN,MID,Regular Starter,eligible,external_3season_research,External: Angulo thin 2025/26 FPL (401m) scaled xG/xA/Defcon as package,2.96,62.0,2.97,62.0,2.62,62.0,2.38,62.0,2.14,62.0,13.06,2.61,310.0
79,Evanilson,BOU,FWD,Regular Starter,eligible,fpl_recency_50_50,50% latest>=900 2025/26 (2741m) + 50% mean other usable [2024/25(2317m)],2.11,62.0,2.83,62.0,2.84,62.0,2.83,62.0,2.43,62.0,13.05,2.61,310.0
12,Saka,ARS,MID,Regular Starter,watch,fpl_recency_50_50,"50% latest>=900 2025/26 (2218m) + 50% mean other usable [2023/24(2922m),2024/25(1724m)]",3.15,44.0,2.26,44.0,2.25,44.0,2.67,44.0,2.68,44.0,13.01,2.6,220.0
257,Bassey,FUL,DEF,Nailed Starter,eligible,fpl_recency_50_50,"50% latest>=900 2025/26 (2532m) + 50% mean other usable [2023/24(2299m),2024/25(3074m)]",2.34,77.5,2.94,77.5,2.98,77.5,2.31,77.5,2.38,77.5,12.96,2.59,387.5
264,Bobb,FUL,MID,Regular Starter,eligible,fpl_single_usable_season,"100% latest-eligible 2025/26 (1030 mins, floor>=900)",2.44,62.0,2.75,62.0,2.79,62.0,2.41,62.0,2.48,62.0,12.88,2.58,310.0
262,Smith Rowe,FUL,MID,Regular Starter,eligible,fpl_recency_50_50,50% latest>=900 2025/26 (1909m) + 50% mean other usable [2024/25(2036m)],2.43,62.0,2.75,62.0,2.79,62.0,2.4,62.0,2.47,62.0,12.83,2.57,310.0
454,Elanga,NEW,MID,Regular Starter,eligible,fpl_recency_50_50,"50% latest>=900 2025/26 (1302m) + 50% mean other usable [2023/24(2424m),2024/25(2496m)]",2.26,62.0,2.55,62.0,2.56,62.0,2.52,62.0,2.94,62.0,12.83,2.57,310.0
290,Slater,HUL,MID,Regular Starter,eligible,external_3season_research,External CHA 2023-26: Regan Slater Hull; CBITR Defcon; FBref+FotMob; mins~8905,2.4,62.0,2.83,62.0,2.59,62.0,2.35,62.0,2.59,62.0,12.76,2.55,310.0
267,Lukić,FUL,MID,Regular Starter,eligible,fpl_recency_50_50,"50% latest>=900 2025/26 (1730m) + 50% mean other usable [2023/24(1113m),2024/25(2348m)]",2.45,62.0,2.66,62.0,2.7,62.0,2.43,62.0,2.49,62.0,12.74,2.55,310.0
465,Osula,NEW,FWD,Regular Starter,eligible,fpl_equal_weight_thin_latest,"Equal-weight usable ≥450 (no latest>=900): [2023/24(778m),2025/26(805m)]",2.25,62.0,2.53,62.0,2.54,62.0,2.5,62.0,2.89,62.0,12.71,2.54,310.0
287,Millar,HUL,MID,Regular Starter,eligible,external_3season_research,External best-guess: Millar Scottish/CHA wing-mid proxy,2.33,62.0,2.89,62.0,2.59,62.0,2.28,62.0,2.58,62.0,12.68,2.54,310.0
271,Muniz,FUL,FWD,Regular Starter,eligible,fpl_recency_50_50,"50% latest>=900 2025/26 (987m) + 50% mean other usable [2023/24(1589m),2024/25(943m)]",2.38,62.0,2.73,62.0,2.79,62.0,2.35,62.0,2.42,62.0,12.67,2.53,310.0
161,Lavia,CHE,MID,Regular Starter,eligible,fpl_equal_weight_thin_latest,Equal-weight usable ≥450 (no latest>=900): [2024/25(792m)],2.51,62.0,2.66,62.0,2.28,62.0,2.67,62.0,2.51,62.0,12.62,2.52,310.0
256,Tete,FUL,DEF,Regular Starter,eligible,fpl_recency_50_50,"50% latest>=900 2025/26 (1791m) + 50% mean other usable [2023/24(863m),2024/25(1773m)]",2.28,62.0,2.83,62.0,2.86,62.0,2.26,62.0,2.32,62.0,12.55,2.51,310.0
246,Röhl,EVE,MID,Regular Starter,eligible,fpl_equal_weight_thin_latest,Equal-weight usable ≥450 (no latest>=900): [2025/26(675m)],2.49,62.0,2.48,62.0,2.32,62.0,2.5,62.0,2.72,62.0,12.51,2.5,310.0
263,Kevin,FUL,MID,Regular Starter,eligible,fpl_single_usable_season,"100% latest-eligible 2025/26 (1030 mins, floor>=900)",2.35,62.0,2.6,62.0,2.64,62.0,2.33,62.0,2.39,62.0,12.31,2.46,310.0
491,Igor Jesus,NFO,FWD,Regular Starter,eligible,fpl_single_usable_season,"100% latest-eligible 2025/26 (2293 mins, floor>=900)",2.67,62.0,2.17,62.0,2.45,62.0,2.2,62.0,2.69,62.0,12.19,2.44,310.0
222,Strand Larsen,CRY,FWD,Regular Starter,eligible,fpl_recency_50_50,50% latest>=900 2025/26 (2301m) + 50% mean other usable [2024/25(2587m)],2.42,62.0,2.14,62.0,2.43,62.0,2.7,62.0,2.41,62.0,12.1,2.42,310.0
104,Onyeka,COV,MID,Regular Starter,eligible,fpl_single_usable_season+defcon_baseline_fill,"100% latest-eligible 2023/24 (1147 mins, floor>=900); defcon_baseline_fill",1.95,62.0,2.78,62.0,1.93,62.0,2.75,62.0,2.45,62.0,11.86,2.37,310.0
10,White,ARS,DEF,Regular Starter,watch,fpl_recency_50_50,"50% latest>=900 2024/25 (1195m) + 50% mean other usable [2023/24(2987m),2025/26(699m)]",2.83,44.0,2.08,44.0,2.08,44.0,2.42,44.0,2.42,44.0,11.84,2.37,220.0
385,Trafford,LEE,GKP,Regular Starter,eligible,fpl_single_usable_season+defcon_baseline_fill,"100% latest-eligible 2023/24 (2520 mins, floor>=900); defcon_baseline_fill",2.22,62.0,2.22,62.0,2.2,62.0,2.85,62.0,2.23,62.0,11.73,2.35,310.0
292,Ömür,HUL,MID,Regular Starter,eligible,external_3season_research,External 2023-26: Abdülkadir Ömür; best-guess CBITR 8.32/90 from Hull CHA FBref,2.22,62.0,2.54,62.0,2.36,62.0,2.17,62.0,2.35,62.0,11.64,2.33,310.0
330,Bogle,LEE,DEF,Regular Starter,eligible,fpl_recency_50_50,50% latest>=900 2025/26 (2795m) + 50% mean other usable [2023/24(2787m)],2.16,62.0,2.16,62.0,2.15,62.0,2.9,62.0,2.17,62.0,11.54,2.31,310.0
64,Smith,BOU,DEF,Regular Starter,eligible,fpl_recency_50_50,"50% latest>=900 2025/26 (1073m) + 50% mean other usable [2023/24(2148m),2024/25(1586m)]",1.71,62.0,2.58,62.0,2.58,62.0,2.57,62.0,2.1,62.0,11.54,2.31,310.0
239,Garner,EVE,MID,Regular Starter,exclude_gw1,fpl_recency_50_50,"50% latest>=900 2025/26 (3413m) + 50% mean other usable [2023/24(3001m),2024/25(1590m)]",0.0,0.0,2.86,62.0,2.66,62.0,2.88,62.0,3.13,62.0,11.53,2.31,248.0
326,Perri,LEE,GKP,Regular Starter,eligible,fpl_single_usable_season+defcon_baseline_fill,"100% latest-eligible 2025/26 (1440 mins, floor>=900); defcon_baseline_fill",2.18,62.0,2.18,62.0,2.17,62.0,2.8,62.0,2.19,62.0,11.52,2.3,310.0
316,Emersonn,IPS,FWD,Regular Starter,eligible,external_3season_research,External 2024-26: Emersonn; best-guess partial def actions 2.78/90 (Tkl+Int+Rec),2.52,62.0,2.09,62.0,2.06,62.0,2.29,62.0,2.29,62.0,11.26,2.25,310.0
304,O'Shea,IPS,DEF,Regular Starter,eligible,fpl_recency_50_50,50% latest>=900 2024/25 (3122m) + 50% mean other usable [2023/24(2892m)],2.99,62.0,1.83,62.0,1.8,62.0,2.31,62.0,2.31,62.0,11.25,2.25,310.0
47,Kamara,AVL,MID,Nailed Starter,watch,fpl_recency_50_50,"50% latest>=900 2025/26 (1410m) + 50% mean other usable [2023/24(1653m),2024/25(1720m)]",2.22,54.5,2.1,54.5,2.38,54.5,2.25,54.5,2.23,54.5,11.18,2.24,272.8
306,Greaves,IPS,DEF,Regular Starter,eligible,fpl_single_usable_season,"100% latest-eligible 2024/25 (2205 mins, floor>=900)",2.99,62.0,1.79,62.0,1.77,62.0,2.3,62.0,2.3,62.0,11.15,2.23,310.0
472,Murillo,NFO,DEF,Regular Starter,watch,fpl_recency_50_50,"50% latest>=900 2025/26 (2130m) + 50% mean other usable [2023/24(2790m),2024/25(3188m)]",2.63,44.0,1.83,44.0,2.2,44.0,1.85,44.0,2.64,44.0,11.14,2.23,220.0
148,Hato,CHE,DEF,Regular Starter,eligible,fpl_single_usable_season,"100% latest-eligible 2025/26 (1139 mins, floor>=900)",2.09,62.0,2.75,62.0,1.19,62.0,2.76,62.0,2.08,62.0,10.86,2.17,310.0
459,L.Miley,NEW,MID,Regular Starter,exclude_gw1,fpl_recency_50_50,50% latest>=900 2025/26 (1493m) + 50% mean other usable [2023/24(1203m)],0.0,0.0,2.6,62.0,2.6,62.0,2.57,62.0,2.89,62.0,10.65,2.13,248.0
7,Lewis-Skelly,ARS,MID,Regular Starter,eligible,fpl_recency_50_50,50% latest>=900 2024/25 (1362m) + 50% mean other usable [2025/26(697m)],2.25,62.0,2.01,62.0,2.0,62.0,2.1,62.0,2.11,62.0,10.46,2.09,310.0
210,Wharton,CRY,MID,Regular Starter,watch,fpl_recency_50_50,"50% latest>=900 2025/26 (2552m) + 50% mean other usable [2023/24(1296m),2024/25(1314m)]",2.08,44.0,1.9,44.0,2.08,44.0,2.26,44.0,2.07,44.0,10.39,2.08,220.0
372,Mac Allister,LIV,MID,Regular Starter,watch,fpl_recency_50_50,"50% latest>=900 2025/26 (2654m) + 50% mean other usable [2023/24(2600m),2024/25(2597m)]",2.01,44.0,2.01,44.0,2.19,44.0,2.19,44.0,2.0,44.0,10.39,2.08,220.0
512,Kudus,TOT,MID,Regular Starter,watch,fpl_recency_50_50,"50% latest>=900 2025/26 (1535m) + 50% mean other usable [2023/24(2485m),2024/25(2589m)]",1.91,44.0,2.15,44.0,1.93,44.0,1.91,44.0,1.92,44.0,9.83,1.97,220.0
450,Livramento,NEW,DEF,Regular Starter,watch,fpl_recency_50_50,"50% latest>=900 2025/26 (1326m) + 50% mean other usable [2023/24(1302m),2024/25(2835m)]",1.54,44.0,1.88,44.0,1.88,44.0,1.86,44.0,2.32,44.0,9.48,1.9,220.0
305,Davis,IPS,DEF,Regular Starter,eligible,fpl_single_usable_season,"100% latest-eligible 2024/25 (2742 mins, floor>=900)",2.62,62.0,1.3,62.0,1.28,62.0,1.86,62.0,1.86,62.0,8.92,1.78,310.0
282,Giles,HUL,DEF,Regular Starter,eligible,fpl_equal_weight_thin_latest+defcon_baseline_fill,Equal-weight usable ≥450 (no latest>=900): [2023/24(498m)]; defcon_baseline_fill,1.06,62.0,2.3,62.0,1.59,62.0,1.03,62.0,1.58,62.0,7.55,1.51,310.0
277,Egan,HUL,DEF,Regular Starter,eligible,fpl_equal_weight_thin_latest+defcon_baseline_fill,Equal-weight usable ≥450 (no latest>=900): [2023/24(482m)]; defcon_baseline_fill,0.59,62.0,1.76,62.0,1.09,62.0,0.57,62.0,1.09,62.0,5.1,1.02,310.0
78,Kroupi.Jr,BOU,MID,Regular Starter,exclude_gw1-5,fpl_single_usable_season,"100% latest-eligible 2025/26 (1663 mins, floor>=900)",0.0,0.0,0.0,0.0,0.0,0.0,0.0,0.0,0.0,0.0,0.0,0.0,0.0
