horizon,start_gw,end_gw,club1,gkp1,role1,price1,per90_saves1,per90_goals_conceded1,club2,gkp2,role2,price2,per90_saves2,per90_goals_conceded2,total_price,fdr_corr,avg_fdr1,avg_fdr2,rotated_avg_fdr,expected_cs,foi,fdr_gain,easy_gws,easy_gw_pct,tot_rot_xp,tot_rot_xp_fdr,fdr_selection_loss,xp_gain_vs_best_single,has_promoted_proxy,rqi,oc_rqi
gw1_6,1,6,AVL,Martinez,Nailed Starter,5.0,3.0159,1.2381,BOU,Petrović,Nailed Starter,4.5,2.8684,1.4211,9.5,0.0,3.0,3.6667,2.8333,1.84,0.5713,0.1667,1,16.7,36.33,36.33,0.0,0.24,False,58.35,5.761
gw1_6,1,6,AVL,Martinez,Nailed Starter,5.0,3.0159,1.2381,BHA,Verbruggen,Nailed Starter,4.5,2.7895,1.2105,9.5,0.7071,3.0,3.0,2.8333,1.95,0.4862,0.1667,2,33.3,36.78,36.55,0.24,0.69,False,60.89,5.836
gw1_6,1,6,AVL,Martinez,Nailed Starter,5.0,3.0159,1.2381,COV,Rushworth,Regular Starter,4.5,3.11,1.375,9.5,-0.6445,3.0,3.1667,2.3333,2.22,0.5019,0.6667,4,66.7,38.06,38.06,0.0,1.96,True,65.44,6.049
gw1_6,1,6,AVL,Martinez,Nailed Starter,5.0,3.0159,1.2381,FUL,Leno,Nailed Starter,4.5,2.5789,1.3421,9.5,0.0,3.0,3.3333,2.6667,1.98,0.5344,0.3333,2,33.3,36.7,36.7,0.0,0.61,False,60.61,5.822
gw1_6,1,6,AVL,Martinez,Nailed Starter,5.0,3.0159,1.2381,TOT,Kinsky,Regular Starter,4.5,3.15,1.5,9.5,-0.5,3.0,3.0,2.6667,1.97,0.536,0.3333,2,33.3,36.8,36.41,0.4,0.71,False,60.76,5.839
gw1_6,1,6,AVL,Martinez,Nailed Starter,5.0,3.0159,1.2381,IPS,Scherpen,Regular Starter,4.5,1.9,1.375,9.5,0.0,3.0,3.0,2.6667,2.01,0.5107,0.3333,3,50.0,36.27,36.27,0.0,0.18,True,60.29,5.751
gw1_6,1,6,AVL,Martinez,Nailed Starter,5.0,3.0159,1.2381,HUL,Tzolakis,Regular Starter,4.5,1.72,1.375,9.5,-0.4201,3.0,3.1667,2.6667,2.0,0.5265,0.3333,2,33.3,36.71,36.71,0.0,0.62,True,60.78,5.824
gw1_6,1,6,BOU,Petrović,Nailed Starter,4.5,2.8684,1.4211,BRE,Kelleher,Nailed Starter,5.0,2.9459,1.3243,9.5,0.4339,3.6667,3.1667,3.1667,1.53,0.6054,0.0,1,16.7,34.58,34.03,0.54,0.35,False,52.76,5.469
gw1_6,1,6,BOU,Petrović,Nailed Starter,4.5,2.8684,1.4211,BHA,Verbruggen,Nailed Starter,4.5,2.7895,1.2105,9.0,0.2739,3.6667,3.0,2.8333,1.88,0.5601,0.1667,2,33.3,36.16,36.16,0.0,0.63,False,63.26,5.879
gw1_6,1,6,BOU,Petrović,Nailed Starter,4.5,2.8684,1.4211,COV,Rushworth,Regular Starter,4.5,3.11,1.375,9.0,0.3883,3.6667,3.1667,2.8333,1.79,0.592,0.3333,3,50.0,34.59,34.46,0.13,0.57,True,59.72,5.618
gw1_6,1,6,BOU,Petrović,Nailed Starter,4.5,2.8684,1.4211,CHE,Sánchez,Nailed Starter,5.0,2.9013,1.4507,9.5,0.0,3.6667,3.0,2.6667,1.71,0.6044,0.3333,2,33.3,34.96,34.96,0.0,0.63,False,55.99,5.532
gw1_6,1,6,BOU,Petrović,Nailed Starter,4.5,2.8684,1.4211,CRY,Henderson,Nailed Starter,5.0,2.8649,1.3784,9.5,0.0,3.6667,3.0,2.8333,1.65,0.6017,0.1667,1,16.7,34.8,34.22,0.58,0.61,False,54.91,5.506
gw1_6,1,6,BOU,Petrović,Nailed Starter,4.5,2.8684,1.4211,FUL,Leno,Nailed Starter,4.5,2.5789,1.3421,9.0,0.2,3.6667,3.3333,3.1667,1.47,0.6196,0.1667,1,16.7,33.69,33.69,0.0,0.68,False,55.83,5.468
gw1_6,1,6,BOU,Petrović,Nailed Starter,4.5,2.8684,1.4211,LEE,Trafford,Nailed Starter,5.0,3.45,1.4737,9.5,0.3322,3.6667,3.1667,3.0,1.44,0.6291,0.1667,1,16.7,33.99,33.3,0.69,0.41,False,52.03,5.371
gw1_6,1,6,BOU,Petrović,Nailed Starter,4.5,2.8684,1.4211,MUN,Lammens,Nailed Starter,5.0,2.4688,1.2188,9.5,-0.4339,3.6667,2.8333,2.6667,2.02,0.5444,0.1667,2,33.3,36.46,35.75,0.71,0.43,False,59.96,5.782
gw1_6,1,6,BOU,Petrović,Nailed Starter,4.5,2.8684,1.4211,NEW,Pope,Regular Starter,5.0,3.3154,1.4156,9.5,0.2169,3.6667,2.8333,2.8333,1.66,0.5884,0.0,2,33.3,34.51,34.51,0.0,0.5,False,54.64,5.457
gw1_6,1,6,BOU,Petrović,Nailed Starter,4.5,2.8684,1.4211,NFO,Sels,Nailed Starter,5.0,3.2058,1.3161,9.5,-0.8216,3.6667,3.0,2.6667,1.78,0.5762,0.3333,2,33.3,36.61,36.43,0.18,0.34,False,59.61,5.807
gw1_6,1,6,BOU,Petrović,Nailed Starter,4.5,2.8684,1.4211,TOT,Kinsky,Regular Starter,4.5,3.15,1.5,9.0,0.3873,3.6667,3.0,3.0,1.4,0.6262,0.0,1,16.7,33.29,32.82,0.47,0.0,False,55.79,5.401
gw1_6,1,6,BOU,Petrović,Nailed Starter,4.5,2.8684,1.4211,SUN,Roefs,Nailed Starter,5.0,3.1143,1.3143,9.5,-0.1936,3.6667,3.0,2.6667,1.91,0.5673,0.3333,3,50.0,37.05,36.37,0.67,1.23,False,60.6,5.881
gw1_6,1,6,BOU,Petrović,Nailed Starter,4.5,2.8684,1.4211,IPS,Scherpen,Regular Starter,4.5,1.9,1.375,9.0,-0.8216,3.6667,3.0,2.6667,1.59,0.5883,0.3333,2,33.3,34.04,33.59,0.45,1.69,True,59.6,5.526
gw1_6,1,6,BOU,Petrović,Nailed Starter,4.5,2.8684,1.4211,NEW,Horníček,Regular Starter,5.0,2.25,1.4474,9.5,0.2169,3.6667,2.8333,2.8333,1.63,0.5945,0.0,2,33.3,32.08,31.68,0.4,0.92,False,50.02,5.052
gw1_6,1,6,BOU,Petrović,Nailed Starter,4.5,2.8684,1.4211,HUL,Tzolakis,Regular Starter,4.5,1.72,1.375,9.0,0.4339,3.6667,3.1667,3.0,1.45,0.6151,0.1667,1,16.7,31.81,30.79,1.01,0.64,True,53.27,5.154
gw1_6,1,6,BRE,Kelleher,Nailed Starter,5.0,2.9459,1.3243,BHA,Verbruggen,Nailed Starter,4.5,2.7895,1.2105,9.5,0.5941,3.1667,3.0,2.8333,1.95,0.5134,0.1667,2,33.3,36.07,35.78,0.29,0.54,False,59.03,5.717
gw1_6,1,6,BRE,Kelleher,Nailed Starter,5.0,2.9459,1.3243,COV,Rushworth,Regular Starter,4.5,3.11,1.375,9.5,-0.5716,3.1667,3.1667,2.3333,2.13,0.5308,0.8333,4,66.7,37.33,37.33,0.0,3.11,True,63.51,5.927
gw1_6,1,6,BRE,Kelleher,Nailed Starter,5.0,2.9459,1.3243,FUL,Leno,Nailed Starter,4.5,2.5789,1.3421,9.5,-0.1085,3.1667,3.3333,2.8333,1.79,0.5631,0.3333,2,33.3,35.57,35.57,0.0,1.35,False,57.11,5.634
gw1_6,1,6,BRE,Kelleher,Nailed Starter,5.0,2.9459,1.3243,TOT,Kinsky,Regular Starter,4.5,3.15,1.5,9.5,0.4201,3.1667,3.0,2.8333,1.71,0.5701,0.1667,2,33.3,34.94,34.74,0.2,0.71,False,55.8,5.529
gw1_6,1,6,BRE,Kelleher,Nailed Starter,5.0,2.9459,1.3243,IPS,Scherpen,Regular Starter,4.5,1.9,1.375,9.5,-0.5941,3.1667,3.0,2.5,2.0,0.5358,0.5,3,50.0,35.49,35.49,0.0,1.26,True,59.17,5.621
gw1_6,1,6,BRE,Kelleher,Nailed Starter,5.0,2.9459,1.3243,HUL,Tzolakis,Regular Starter,4.5,1.72,1.375,9.5,-0.0588,3.1667,3.1667,2.6667,1.77,0.5584,0.5,2,33.3,34.47,33.81,0.66,0.24,True,56.0,5.451
gw1_6,1,6,BHA,Verbruggen,Nailed Starter,4.5,2.7895,1.2105,COV,Rushworth,Regular Starter,4.5,3.11,1.375,9.0,-0.3038,3.0,3.1667,2.3333,2.24,0.4936,0.6667,4,66.7,37.64,37.52,0.12,2.12,True,69.83,6.126
gw1_6,1,6,BHA,Verbruggen,Nailed Starter,4.5,2.7895,1.2105,CHE,Sánchez,Nailed Starter,5.0,2.9013,1.4507,9.5,-0.4082,3.0,3.0,2.5,2.1,0.5054,0.5,3,50.0,37.12,36.82,0.29,1.59,False,62.8,5.892
gw1_6,1,6,BHA,Verbruggen,Nailed Starter,4.5,2.7895,1.2105,CRY,Henderson,Nailed Starter,5.0,2.8649,1.3784,9.5,0.7071,3.0,3.0,2.8333,1.94,0.5116,0.1667,2,33.3,35.89,35.43,0.46,0.37,False,58.73,5.687
gw1_6,1,6,BHA,Verbruggen,Nailed Starter,4.5,2.7895,1.2105,FUL,Leno,Nailed Starter,4.5,2.5789,1.3421,9.0,0.0,3.0,3.3333,2.6667,2.06,0.5215,0.3333,3,50.0,36.47,36.47,0.0,0.94,False,65.44,5.931
gw1_6,1,6,BHA,Verbruggen,Nailed Starter,4.5,2.7895,1.2105,LEE,Trafford,Nailed Starter,5.0,3.45,1.4737,9.5,0.2274,3.0,3.1667,2.6667,1.95,0.5319,0.3333,2,33.3,36.54,36.13,0.41,1.01,False,60.36,5.796
gw1_6,1,6,BHA,Verbruggen,Nailed Starter,4.5,2.7895,1.2105,MUN,Lammens,Nailed Starter,5.0,2.4688,1.2188,9.5,-0.5941,3.0,2.8333,2.3333,2.37,0.4549,0.5,4,66.7,38.46,38.45,0.01,2.43,False,67.12,6.116
gw1_6,1,6,BHA,Verbruggen,Nailed Starter,4.5,2.7895,1.2105,NEW,Pope,Regular Starter,5.0,3.3154,1.4156,9.5,-0.297,3.0,2.8333,2.3333,2.21,0.4931,0.5,4,66.7,37.22,37.22,0.0,1.69,False,64.06,5.909
gw1_6,1,6,BHA,Verbruggen,Nailed Starter,4.5,2.7895,1.2105,NFO,Sels,Nailed Starter,5.0,3.2058,1.3161,9.5,-0.25,3.0,3.0,2.5,2.17,0.4862,0.5,4,66.7,38.52,37.86,0.66,2.25,False,65.78,6.126
gw1_6,1,6,BHA,Verbruggen,Nailed Starter,4.5,2.7895,1.2105,TOT,Kinsky,Regular Starter,4.5,3.15,1.5,9.0,-0.3536,3.0,3.0,2.5,2.08,0.5235,0.5,3,50.0,36.68,36.68,0.0,1.15,False,66.62,5.966
gw1_6,1,6,BHA,Verbruggen,Nailed Starter,4.5,2.7895,1.2105,SUN,Roefs,Nailed Starter,5.0,3.1143,1.3143,9.5,0.0,3.0,3.0,2.3333,2.34,0.4768,0.6667,5,83.3,38.83,38.83,0.0,3.01,False,67.37,6.177
gw1_6,1,6,BHA,Verbruggen,Nailed Starter,4.5,2.7895,1.2105,IPS,Scherpen,Regular Starter,4.5,1.9,1.375,9.0,0.0,3.0,3.0,2.5,2.09,0.4988,0.5,4,66.7,35.95,35.9,0.05,0.43,True,65.76,5.844
gw1_6,1,6,BHA,Verbruggen,Nailed Starter,4.5,2.7895,1.2105,NEW,Horníček,Regular Starter,5.0,2.25,1.4474,9.5,-0.297,3.0,2.8333,2.3333,2.07,0.4983,0.5,4,66.7,35.93,35.01,0.92,0.41,False,61.57,5.694
gw1_6,1,6,BHA,Verbruggen,Nailed Starter,4.5,2.7895,1.2105,HUL,Tzolakis,Regular Starter,4.5,1.72,1.375,9.0,-0.5941,3.0,3.1667,2.5,2.09,0.5121,0.5,3,50.0,36.29,34.86,1.43,0.76,True,66.13,5.901
gw1_6,1,6,COV,Rushworth,Regular Starter,4.5,3.11,1.375,CHE,Sánchez,Nailed Starter,5.0,2.9013,1.4507,9.5,0.7442,3.1667,3.0,2.8333,1.77,0.5471,0.1667,3,50.0,35.11,35.09,0.03,0.79,True,56.58,5.557
gw1_6,1,6,COV,Rushworth,Regular Starter,4.5,3.11,1.375,CRY,Henderson,Nailed Starter,5.0,2.8649,1.3784,9.5,0.0,3.1667,3.0,2.5,1.96,0.5363,0.5,3,50.0,36.35,36.28,0.07,2.16,True,60.76,5.764
gw1_6,1,6,COV,Rushworth,Regular Starter,4.5,3.11,1.375,FUL,Leno,Nailed Starter,4.5,2.5789,1.3421,9.0,0.2774,3.1667,3.3333,2.6667,1.89,0.5555,0.5,3,50.0,35.85,35.49,0.37,1.83,True,63.61,5.828
gw1_6,1,6,COV,Rushworth,Regular Starter,4.5,3.11,1.375,LEE,Trafford,Nailed Starter,5.0,3.45,1.4737,9.5,-0.1612,3.1667,3.1667,2.5,1.89,0.5581,0.6667,3,50.0,36.32,36.32,0.0,2.3,True,60.26,5.759
gw1_6,1,6,COV,Rushworth,Regular Starter,4.5,3.11,1.375,MUN,Lammens,Nailed Starter,5.0,2.4688,1.2188,9.5,-0.3309,3.1667,2.8333,2.3333,2.28,0.483,0.5,4,66.7,37.73,37.48,0.25,1.7,True,65.21,5.994
gw1_6,1,6,COV,Rushworth,Regular Starter,4.5,3.11,1.375,NEW,Pope,Regular Starter,5.0,3.3154,1.4156,9.5,0.5716,3.1667,2.8333,2.5,1.97,0.5292,0.3333,4,66.7,36.52,36.39,0.13,2.5,True,61.21,5.792
gw1_6,1,6,COV,Rushworth,Regular Starter,4.5,3.11,1.375,NFO,Sels,Nailed Starter,5.0,3.2058,1.3161,9.5,-0.6076,3.1667,3.0,2.1667,2.3,0.5085,0.8333,5,83.3,38.63,38.63,0.0,2.37,True,67.2,6.144
gw1_6,1,6,COV,Rushworth,Regular Starter,4.5,3.11,1.375,TOT,Kinsky,Regular Starter,4.5,3.15,1.5,9.0,0.0,3.1667,3.0,2.5,1.9,0.5569,0.5,3,50.0,36.04,35.95,0.1,2.03,True,64.77,5.859
gw1_6,1,6,COV,Rushworth,Regular Starter,4.5,3.11,1.375,SUN,Roefs,Nailed Starter,5.0,3.1143,1.3143,9.5,-0.1074,3.1667,3.0,2.3333,2.17,0.507,0.6667,4,66.7,38.16,37.44,0.72,2.34,True,65.53,6.066
gw1_6,1,6,COV,Rushworth,Regular Starter,4.5,3.11,1.375,IPS,Scherpen,Regular Starter,4.5,1.9,1.375,9.0,0.0,3.1667,3.0,2.5,2.01,0.5276,0.5,4,66.7,36.22,36.22,0.0,2.2,True,65.69,5.889
gw1_6,1,6,COV,Rushworth,Regular Starter,4.5,3.11,1.375,NEW,Horníček,Regular Starter,5.0,2.25,1.4474,9.5,0.5716,3.1667,2.8333,2.5,1.96,0.5346,0.3333,4,66.7,34.31,34.31,0.0,0.29,True,57.01,5.424
gw1_6,1,6,COV,Rushworth,Regular Starter,4.5,3.11,1.375,HUL,Tzolakis,Regular Starter,4.5,1.72,1.375,9.0,0.3309,3.1667,3.1667,2.6667,1.81,0.5496,0.5,3,50.0,34.59,34.54,0.05,0.57,True,61.4,5.618
gw1_6,1,6,CHE,Sánchez,Nailed Starter,5.0,2.9013,1.4507,FUL,Leno,Nailed Starter,4.5,2.5789,1.3421,9.5,-0.2236,3.0,3.3333,2.5,1.9,0.5625,0.5,3,50.0,36.3,36.3,0.0,1.98,False,60.14,5.756
gw1_6,1,6,CHE,Sánchez,Nailed Starter,5.0,2.9013,1.4507,TOT,Kinsky,Regular Starter,4.5,3.15,1.5,9.5,0.2887,3.0,3.0,2.6667,1.69,0.5721,0.3333,2,33.3,35.4,35.36,0.04,1.08,False,57.45,5.606
gw1_6,1,6,CHE,Sánchez,Nailed Starter,5.0,2.9013,1.4507,IPS,Scherpen,Regular Starter,4.5,1.9,1.375,9.5,0.2041,3.0,3.0,2.5,1.95,0.54,0.5,4,66.7,35.99,35.99,0.0,1.67,True,60.01,5.704
gw1_6,1,6,CHE,Sánchez,Nailed Starter,5.0,2.9013,1.4507,HUL,Tzolakis,Regular Starter,4.5,1.72,1.375,9.5,0.0,3.0,3.1667,2.6667,1.72,0.5601,0.3333,2,33.3,34.96,34.96,0.0,0.63,True,56.87,5.532
gw1_6,1,6,CRY,Henderson,Nailed Starter,5.0,2.8649,1.3784,FUL,Leno,Nailed Starter,4.5,2.5789,1.3421,9.5,-0.3873,3.0,3.3333,2.6667,1.82,0.5605,0.3333,2,33.3,35.54,35.45,0.09,1.35,False,57.94,5.629
gw1_6,1,6,CRY,Henderson,Nailed Starter,5.0,2.8649,1.3784,TOT,Kinsky,Regular Starter,4.5,3.15,1.5,9.5,-0.5,3.0,3.0,2.6667,1.77,0.5648,0.3333,2,33.3,35.27,35.2,0.07,1.08,False,57.35,5.584
gw1_6,1,6,CRY,Henderson,Nailed Starter,5.0,2.8649,1.3784,IPS,Scherpen,Regular Starter,4.5,1.9,1.375,9.5,0.3536,3.0,3.0,2.6667,1.86,0.5401,0.3333,3,50.0,35.0,35.0,0.0,0.82,True,57.35,5.539
gw1_6,1,6,CRY,Henderson,Nailed Starter,5.0,2.8649,1.3784,HUL,Tzolakis,Regular Starter,4.5,1.72,1.375,9.5,-0.8402,3.0,3.1667,2.6667,1.81,0.5524,0.3333,2,33.3,35.18,34.6,0.58,0.99,True,57.43,5.569
gw1_6,1,6,FUL,Leno,Nailed Starter,4.5,2.5789,1.3421,LEE,Trafford,Nailed Starter,5.0,3.45,1.4737,9.5,-0.8305,3.3333,3.1667,2.6667,1.7,0.5808,0.5,2,33.3,35.49,35.43,0.06,1.91,False,57.44,5.621
gw1_6,1,6,FUL,Leno,Nailed Starter,4.5,2.5789,1.3421,MUN,Lammens,Nailed Starter,5.0,2.4688,1.2188,9.5,0.1085,3.3333,2.8333,2.6667,2.05,0.5111,0.1667,3,50.0,37.08,36.47,0.61,1.06,False,61.78,5.886
gw1_6,1,6,FUL,Leno,Nailed Starter,4.5,2.5789,1.3421,NEW,Pope,Regular Starter,5.0,3.3154,1.4156,9.5,0.4339,3.3333,2.8333,2.8333,1.64,0.5544,0.0,2,33.3,34.76,34.23,0.53,0.76,False,55.78,5.499
gw1_6,1,6,FUL,Leno,Nailed Starter,4.5,2.5789,1.3421,NFO,Sels,Nailed Starter,5.0,3.2058,1.3161,9.5,-0.2739,3.3333,3.0,2.6667,1.85,0.541,0.3333,3,50.0,37.12,36.54,0.58,0.86,False,61.25,5.892
gw1_6,1,6,FUL,Leno,Nailed Starter,4.5,2.5789,1.3421,TOT,Kinsky,Regular Starter,4.5,3.15,1.5,9.0,-0.3873,3.3333,3.0,2.6667,1.71,0.5822,0.3333,2,33.3,34.84,34.84,0.0,1.55,False,61.21,5.659
gw1_6,1,6,FUL,Leno,Nailed Starter,4.5,2.5789,1.3421,SUN,Roefs,Nailed Starter,5.0,3.1143,1.3143,9.5,0.5809,3.3333,3.0,2.8333,1.85,0.5385,0.1667,3,50.0,36.47,35.97,0.5,0.65,False,59.27,5.784
gw1_6,1,6,FUL,Leno,Nailed Starter,4.5,2.5789,1.3421,IPS,Scherpen,Regular Starter,4.5,1.9,1.375,9.0,0.0,3.3333,3.0,2.6667,1.75,0.5568,0.3333,2,33.3,34.31,33.6,0.71,1.3,True,60.73,5.571
gw1_6,1,6,FUL,Leno,Nailed Starter,4.5,2.5789,1.3421,NEW,Horníček,Regular Starter,5.0,2.25,1.4474,9.5,0.4339,3.3333,2.8333,2.8333,1.65,0.5601,0.0,2,33.3,33.7,32.77,0.93,0.69,False,53.71,5.322
gw1_6,1,6,FUL,Leno,Nailed Starter,4.5,2.5789,1.3421,HUL,Tzolakis,Regular Starter,4.5,1.72,1.375,9.0,0.5423,3.3333,3.1667,3.0,1.57,0.5765,0.1667,2,33.3,33.49,33.01,0.48,0.48,True,57.16,5.434
gw1_6,1,6,LEE,Trafford,Nailed Starter,5.0,3.45,1.4737,TOT,Kinsky,Regular Starter,4.5,3.15,1.5,9.5,0.6433,3.1667,3.0,2.8333,1.56,0.5934,0.1667,2,33.3,34.32,34.32,0.0,0.74,False,54.19,5.426
gw1_6,1,6,LEE,Trafford,Nailed Starter,5.0,3.45,1.4737,IPS,Scherpen,Regular Starter,4.5,1.9,1.375,9.5,-0.4549,3.1667,3.0,2.5,1.86,0.5584,0.5,3,50.0,35.5,35.5,0.0,1.92,True,58.74,5.622
gw1_6,1,6,LEE,Trafford,Nailed Starter,5.0,3.45,1.4737,HUL,Tzolakis,Regular Starter,4.5,1.72,1.375,9.5,-0.3153,3.1667,3.1667,2.6667,1.71,0.5785,0.5,2,33.3,34.41,33.86,0.55,0.83,True,55.49,5.441
gw1_6,1,6,MUN,Lammens,Nailed Starter,5.0,2.4688,1.2188,TOT,Kinsky,Regular Starter,4.5,3.15,1.5,9.5,0.4201,2.8333,3.0,2.6667,2.0,0.5185,0.1667,2,33.3,36.48,36.21,0.27,0.46,False,60.52,5.786
gw1_6,1,6,MUN,Lammens,Nailed Starter,5.0,2.4688,1.2188,IPS,Scherpen,Regular Starter,4.5,1.9,1.375,9.5,0.0,2.8333,3.0,2.5,2.13,0.4903,0.3333,3,50.0,36.37,35.67,0.7,0.35,True,61.71,5.767
gw1_6,1,6,MUN,Lammens,Nailed Starter,5.0,2.4688,1.2188,HUL,Tzolakis,Regular Starter,4.5,1.72,1.375,9.5,0.4118,2.8333,3.1667,2.8333,1.97,0.5091,0.0,2,33.3,36.03,35.31,0.71,0.0,True,59.04,5.711
gw1_6,1,6,NEW,Pope,Regular Starter,5.0,3.3154,1.4156,TOT,Kinsky,Regular Starter,4.5,3.15,1.5,9.5,-0.4201,2.8333,3.0,2.5,1.82,0.5528,0.3333,3,50.0,35.4,35.28,0.12,1.4,False,58.67,5.606
gw1_6,1,6,NEW,Pope,Regular Starter,5.0,3.3154,1.4156,IPS,Scherpen,Regular Starter,4.5,1.9,1.375,9.5,0.0,2.8333,3.0,2.5,1.91,0.5284,0.3333,3,50.0,34.75,34.61,0.14,0.75,True,57.95,5.497
gw1_6,1,6,NEW,Pope,Regular Starter,5.0,3.3154,1.4156,HUL,Tzolakis,Regular Starter,4.5,1.72,1.375,9.5,0.4118,2.8333,3.1667,2.6667,1.82,0.547,0.1667,3,50.0,34.63,34.63,0.0,0.63,True,56.52,5.477
gw1_6,1,6,NFO,Sels,Nailed Starter,5.0,3.2058,1.3161,TOT,Kinsky,Regular Starter,4.5,3.15,1.5,9.5,-0.3536,3.0,3.0,2.5,1.96,0.5457,0.5,3,50.0,36.92,36.92,0.0,0.65,False,61.62,5.859
gw1_6,1,6,NFO,Sels,Nailed Starter,5.0,3.2058,1.3161,IPS,Scherpen,Regular Starter,4.5,1.9,1.375,9.5,0.5,3.0,3.0,2.6667,1.85,0.5256,0.3333,3,50.0,36.45,36.41,0.04,0.18,True,60.32,5.781
gw1_6,1,6,NFO,Sels,Nailed Starter,5.0,3.2058,1.3161,HUL,Tzolakis,Regular Starter,4.5,1.72,1.375,9.5,-0.297,3.0,3.1667,2.6667,1.94,0.5353,0.3333,3,50.0,36.47,35.71,0.76,0.2,True,60.16,5.784
gw1_6,1,6,TOT,Kinsky,Regular Starter,4.5,3.15,1.5,SUN,Roefs,Nailed Starter,5.0,3.1143,1.3143,9.5,0.0,3.0,3.0,2.5,1.96,0.5379,0.5,3,50.0,37.12,36.21,0.91,1.3,False,62.15,5.892
gw1_6,1,6,TOT,Kinsky,Regular Starter,4.5,3.15,1.5,IPS,Scherpen,Regular Starter,4.5,1.9,1.375,9.0,-0.7071,3.0,3.0,2.5,1.84,0.555,0.5,3,50.0,34.87,34.87,0.0,1.58,True,62.64,5.664
gw1_6,1,6,TOT,Kinsky,Regular Starter,4.5,3.15,1.5,NEW,Horníček,Regular Starter,5.0,2.25,1.4474,9.5,-0.4201,3.0,2.8333,2.5,1.8,0.5587,0.3333,3,50.0,33.91,33.07,0.85,0.62,False,55.79,5.357
gw1_6,1,6,TOT,Kinsky,Regular Starter,4.5,3.15,1.5,HUL,Tzolakis,Regular Starter,4.5,1.72,1.375,9.0,0.4201,3.0,3.1667,2.8333,1.51,0.5819,0.1667,1,16.7,33.47,33.02,0.44,0.18,True,57.84,5.431
gw1_6,1,6,SUN,Roefs,Nailed Starter,5.0,3.1143,1.3143,IPS,Scherpen,Regular Starter,4.5,1.9,1.375,9.5,0.1768,3.0,3.0,2.5,1.94,0.5144,0.5,3,50.0,36.39,35.67,0.72,0.57,True,61.27,5.771
gw1_6,1,6,SUN,Roefs,Nailed Starter,5.0,3.1143,1.3143,HUL,Tzolakis,Regular Starter,4.5,1.72,1.375,9.5,0.21,3.0,3.1667,2.6667,1.8,0.5302,0.3333,3,50.0,35.82,35.0,0.82,0.0,True,59.06,5.676
gw1_6,1,6,IPS,Scherpen,Regular Starter,4.5,1.9,1.375,NEW,Horníček,Regular Starter,5.0,2.25,1.4474,9.5,0.0,3.0,2.8333,2.5,1.83,0.5339,0.3333,3,50.0,32.85,32.29,0.56,0.5,True,54.32,5.181
gw1_6,1,6,IPS,Scherpen,Regular Starter,4.5,1.9,1.375,HUL,Tzolakis,Regular Starter,4.5,1.72,1.375,9.0,-0.5941,3.0,3.1667,2.5,1.87,0.5451,0.5,3,50.0,33.75,33.59,0.16,1.4,True,60.76,5.478
gw1_6,1,6,NEW,Horníček,Regular Starter,5.0,2.25,1.4474,HUL,Tzolakis,Regular Starter,4.5,1.72,1.375,9.5,0.4118,2.8333,3.1667,2.6667,1.8,0.5527,0.1667,3,50.0,31.48,31.08,0.4,1.75,True,50.58,4.952
gw1_10,1,10,AVL,Martinez,Nailed Starter,5.0,3.0159,1.2381,BOU,Petrović,Nailed Starter,4.5,2.8684,1.4211,9.5,0.1166,3.1,3.2,2.7,3.24,0.5388,0.4,4,40.0,61.5,61.5,0.0,2.36,False,60.72,5.856
gw1_10,1,10,AVL,Martinez,Nailed Starter,5.0,3.0159,1.2381,BHA,Verbruggen,Nailed Starter,4.5,2.7895,1.2105,9.5,0.1111,3.1,3.3,2.9,3.18,0.5117,0.2,3,30.0,61.26,60.55,0.71,2.12,False,60.0,5.832
gw1_10,1,10,AVL,Martinez,Nailed Starter,5.0,3.0159,1.2381,COV,Rushworth,Regular Starter,4.5,3.11,1.375,9.5,-0.3648,3.1,2.9,2.4,3.56,0.4968,0.5,6,60.0,62.87,62.7,0.17,3.73,True,64.59,5.993
gw1_10,1,10,AVL,Martinez,Nailed Starter,5.0,3.0159,1.2381,FUL,Leno,Nailed Starter,4.5,2.5789,1.3421,9.5,-0.4792,3.1,3.0,2.4,3.64,0.505,0.6,6,60.0,62.51,62.51,0.0,3.38,False,64.02,5.957
gw1_10,1,10,AVL,Martinez,Nailed Starter,5.0,3.0159,1.2381,TOT,Kinsky,Regular Starter,4.5,3.15,1.5,9.5,0.0,3.1,3.0,2.7,3.19,0.5428,0.3,4,40.0,60.99,60.6,0.4,1.85,False,60.08,5.805
gw1_10,1,10,AVL,Martinez,Nailed Starter,5.0,3.0159,1.2381,IPS,Scherpen,Regular Starter,4.5,1.9,1.375,9.5,0.1363,3.1,3.1,2.7,3.12,0.5247,0.4,4,40.0,59.32,59.02,0.3,0.18,True,58.58,5.638
gw1_10,1,10,AVL,Martinez,Nailed Starter,5.0,3.0159,1.2381,HUL,Tzolakis,Regular Starter,4.5,1.72,1.375,9.5,0.295,3.1,3.2,2.8,3.11,0.5357,0.3,3,30.0,59.76,59.54,0.22,0.62,True,58.35,5.682
gw1_10,1,10,BOU,Petrović,Nailed Starter,4.5,2.8684,1.4211,BRE,Kelleher,Nailed Starter,5.0,2.9459,1.3243,9.5,-0.0292,3.2,3.1,2.7,3.11,0.5537,0.4,5,50.0,60.7,60.16,0.54,2.52,False,59.54,5.776
gw1_10,1,10,BOU,Petrović,Nailed Starter,4.5,2.8684,1.4211,BHA,Verbruggen,Nailed Starter,4.5,2.7895,1.2105,9.0,-0.068,3.2,3.3,2.7,3.24,0.5432,0.5,5,50.0,61.35,60.51,0.84,3.53,False,65.47,5.988
gw1_10,1,10,BOU,Petrović,Nailed Starter,4.5,2.8684,1.4211,COV,Rushworth,Regular Starter,4.5,3.11,1.375,9.0,0.2876,3.2,2.9,2.5,3.37,0.5344,0.4,7,70.0,60.65,60.42,0.23,2.16,True,65.87,5.918
gw1_10,1,10,BOU,Petrović,Nailed Starter,4.5,2.8684,1.4211,CHE,Sánchez,Nailed Starter,5.0,2.9013,1.4507,9.5,-0.1474,3.2,3.1,2.5,3.1,0.5738,0.6,5,50.0,59.94,59.94,0.0,3.84,False,59.29,5.7
gw1_10,1,10,BOU,Petrović,Nailed Starter,4.5,2.8684,1.4211,CRY,Henderson,Nailed Starter,5.0,2.8649,1.3784,9.5,-0.3227,3.2,3.0,2.5,3.21,0.5552,0.5,5,50.0,60.31,59.73,0.58,3.13,False,60.07,5.737
gw1_10,1,10,BOU,Petrović,Nailed Starter,4.5,2.8684,1.4211,FUL,Leno,Nailed Starter,4.5,2.5789,1.3421,9.0,0.2282,3.2,3.0,2.7,3.06,0.5454,0.3,5,50.0,59.56,58.94,0.62,2.75,False,63.44,5.809
gw1_10,1,10,BOU,Petrović,Nailed Starter,4.5,2.8684,1.4211,LEE,Trafford,Nailed Starter,5.0,3.45,1.4737,9.5,0.0818,3.2,3.2,2.7,2.83,0.59,0.5,4,40.0,59.02,58.33,0.69,3.24,False,56.94,5.608
gw1_10,1,10,BOU,Petrović,Nailed Starter,4.5,2.8684,1.4211,MUN,Lammens,Nailed Starter,5.0,2.4688,1.2188,9.5,-0.4841,3.2,3.0,2.5,3.47,0.5219,0.5,5,50.0,61.65,60.94,0.71,3.1,False,62.23,5.871
gw1_10,1,10,BOU,Petrović,Nailed Starter,4.5,2.8684,1.4211,NEW,Pope,Regular Starter,5.0,3.3154,1.4156,9.5,0.0379,3.2,2.9,2.6,3.06,0.5564,0.3,5,50.0,59.24,59.24,0.0,3.68,False,58.36,5.63
gw1_10,1,10,BOU,Petrović,Nailed Starter,4.5,2.8684,1.4211,NFO,Sels,Nailed Starter,5.0,3.2058,1.3161,9.5,-0.7618,3.2,3.1,2.4,3.36,0.5415,0.7,6,60.0,62.82,62.64,0.18,3.36,False,63.64,5.988
gw1_10,1,10,BOU,Petrović,Nailed Starter,4.5,2.8684,1.4211,TOT,Kinsky,Regular Starter,4.5,3.15,1.5,9.0,0.4841,3.2,3.0,2.8,2.69,0.583,0.2,4,40.0,57.65,57.17,0.49,1.83,False,60.06,5.618
gw1_10,1,10,BOU,Petrović,Nailed Starter,4.5,2.8684,1.4211,SUN,Roefs,Nailed Starter,5.0,3.1143,1.3143,9.5,-0.176,3.2,2.9,2.4,3.52,0.5211,0.5,7,70.0,63.34,62.45,0.89,3.15,False,64.62,6.04
gw1_10,1,10,BOU,Petrović,Nailed Starter,4.5,2.8684,1.4211,IPS,Scherpen,Regular Starter,4.5,1.9,1.375,9.0,-0.4544,3.2,3.1,2.5,3.01,0.554,0.6,5,50.0,58.59,58.14,0.45,3.08,True,63.19,5.712
gw1_10,1,10,BOU,Petrović,Nailed Starter,4.5,2.8684,1.4211,NEW,Horníček,Regular Starter,5.0,2.25,1.4474,9.5,0.0379,3.2,2.9,2.6,2.95,0.5622,0.3,5,50.0,56.43,55.69,0.74,0.92,False,55.12,5.349
gw1_10,1,10,BOU,Petrović,Nailed Starter,4.5,2.8684,1.4211,HUL,Tzolakis,Regular Starter,4.5,1.72,1.375,9.0,0.0702,3.2,3.2,2.7,2.86,0.57,0.5,4,40.0,56.31,55.3,1.01,0.8,True,59.33,5.484
gw1_10,1,10,BRE,Kelleher,Nailed Starter,5.0,2.9459,1.3243,BHA,Verbruggen,Nailed Starter,4.5,2.7895,1.2105,9.5,0.1111,3.1,3.3,2.8,3.23,0.5283,0.3,3,30.0,60.37,60.08,0.29,2.19,False,59.18,5.743
gw1_10,1,10,BRE,Kelleher,Nailed Starter,5.0,2.9459,1.3243,COV,Rushworth,Regular Starter,4.5,3.11,1.375,9.5,-0.239,3.1,2.9,2.4,3.38,0.5145,0.5,6,60.0,62.05,61.88,0.17,3.56,True,63.32,5.911
gw1_10,1,10,BRE,Kelleher,Nailed Starter,5.0,2.9459,1.3243,FUL,Leno,Nailed Starter,4.5,2.5789,1.3421,9.5,0.0,3.1,3.0,2.6,3.29,0.5261,0.4,5,50.0,60.65,60.65,0.0,2.47,False,60.53,5.771
gw1_10,1,10,BRE,Kelleher,Nailed Starter,5.0,2.9459,1.3243,TOT,Kinsky,Regular Starter,4.5,3.15,1.5,9.5,-0.2259,3.1,3.0,2.7,3.02,0.5592,0.3,4,40.0,59.65,59.45,0.2,1.47,False,58.26,5.671
gw1_10,1,10,BRE,Kelleher,Nailed Starter,5.0,2.9459,1.3243,IPS,Scherpen,Regular Starter,4.5,1.9,1.375,9.5,-0.0151,3.1,3.1,2.6,3.25,0.5387,0.5,5,50.0,59.85,59.28,0.57,1.67,True,59.39,5.691
gw1_10,1,10,BRE,Kelleher,Nailed Starter,5.0,2.9459,1.3243,HUL,Tzolakis,Regular Starter,4.5,1.72,1.375,9.5,-0.0328,3.1,3.2,2.6,3.02,0.5508,0.5,4,40.0,58.74,57.54,1.2,0.56,True,57.92,5.58
gw1_10,1,10,BHA,Verbruggen,Nailed Starter,4.5,2.7895,1.2105,COV,Rushworth,Regular Starter,4.5,3.11,1.375,9.0,-0.4598,3.3,2.9,2.4,3.64,0.5011,0.5,6,60.0,62.54,62.42,0.12,4.05,True,69.13,6.107
gw1_10,1,10,BHA,Verbruggen,Nailed Starter,4.5,2.7895,1.2105,CHE,Sánchez,Nailed Starter,5.0,2.9013,1.4507,9.5,-0.0401,3.3,3.1,2.8,3.04,0.5462,0.3,3,30.0,59.71,59.2,0.51,1.89,False,58.09,5.677
gw1_10,1,10,BHA,Verbruggen,Nailed Starter,4.5,2.7895,1.2105,CRY,Henderson,Nailed Starter,5.0,2.8649,1.3784,9.5,0.1757,3.3,3.0,2.8,3.19,0.5315,0.2,3,30.0,59.47,59.01,0.46,1.65,False,58.11,5.653
gw1_10,1,10,BHA,Verbruggen,Nailed Starter,4.5,2.7895,1.2105,FUL,Leno,Nailed Starter,4.5,2.5789,1.3421,9.0,0.1242,3.3,3.0,2.6,3.45,0.5155,0.4,6,60.0,60.27,60.27,0.0,2.45,False,65.32,5.88
gw1_10,1,10,BHA,Verbruggen,Nailed Starter,4.5,2.7895,1.2105,LEE,Trafford,Nailed Starter,5.0,3.45,1.4737,9.5,0.0594,3.3,3.2,2.8,2.97,0.5622,0.4,2,20.0,59.84,59.26,0.57,2.02,False,57.91,5.69
gw1_10,1,10,BHA,Verbruggen,Nailed Starter,4.5,2.7895,1.2105,MUN,Lammens,Nailed Starter,5.0,2.4688,1.2188,9.5,0.0,3.3,3.0,2.7,3.46,0.4979,0.3,4,40.0,61.25,61.24,0.01,2.7,False,61.26,5.831
gw1_10,1,10,BHA,Verbruggen,Nailed Starter,4.5,2.7895,1.2105,NEW,Pope,Regular Starter,5.0,3.3154,1.4156,9.5,-0.1444,3.3,2.9,2.6,3.25,0.5285,0.3,4,40.0,60.27,59.81,0.46,2.45,False,60.06,5.733
gw1_10,1,10,BHA,Verbruggen,Nailed Starter,4.5,2.7895,1.2105,NFO,Sels,Nailed Starter,5.0,3.2058,1.3161,9.5,-0.3077,3.3,3.1,2.6,3.45,0.5181,0.5,5,50.0,63.04,62.38,0.66,3.58,False,63.35,6.01
gw1_10,1,10,BHA,Verbruggen,Nailed Starter,4.5,2.7895,1.2105,TOT,Kinsky,Regular Starter,4.5,3.15,1.5,9.0,0.0,3.3,3.0,2.7,3.17,0.5496,0.3,4,40.0,60.41,60.41,0.0,2.59,False,64.3,5.894
gw1_10,1,10,BHA,Verbruggen,Nailed Starter,4.5,2.7895,1.2105,SUN,Roefs,Nailed Starter,5.0,3.1143,1.3143,9.5,-0.2873,3.3,2.9,2.4,3.77,0.4928,0.5,7,70.0,63.96,63.96,0.0,3.77,False,65.88,6.102
gw1_10,1,10,BHA,Verbruggen,Nailed Starter,4.5,2.7895,1.2105,IPS,Scherpen,Regular Starter,4.5,1.9,1.375,9.0,-0.2709,3.3,3.1,2.6,3.29,0.5267,0.5,5,50.0,59.72,59.03,0.69,1.9,True,64.49,5.825
gw1_10,1,10,BHA,Verbruggen,Nailed Starter,4.5,2.7895,1.2105,NEW,Horníček,Regular Starter,5.0,2.25,1.4474,9.5,-0.1444,3.3,2.9,2.6,3.1,0.5339,0.3,4,40.0,58.25,56.15,2.1,0.43,False,57.71,5.531
gw1_10,1,10,BHA,Verbruggen,Nailed Starter,4.5,2.7895,1.2105,HUL,Tzolakis,Regular Starter,4.5,1.72,1.375,9.0,-0.5863,3.3,3.2,2.6,3.28,0.5347,0.6,4,40.0,59.98,57.85,2.12,2.16,True,64.62,5.851
gw1_10,1,10,COV,Rushworth,Regular Starter,4.5,3.11,1.375,CHE,Sánchez,Nailed Starter,5.0,2.9013,1.4507,9.5,0.5406,2.9,3.1,2.7,3.07,0.5399,0.2,5,50.0,59.58,59.55,0.03,1.09,True,58.57,5.664
gw1_10,1,10,COV,Rushworth,Regular Starter,4.5,3.11,1.375,CRY,Henderson,Nailed Starter,5.0,2.8649,1.3784,9.5,0.1392,2.9,3.0,2.5,3.26,0.5215,0.4,5,50.0,60.82,60.75,0.07,2.33,True,61.31,5.788
gw1_10,1,10,COV,Rushworth,Regular Starter,4.5,3.11,1.375,FUL,Leno,Nailed Starter,4.5,2.5789,1.3421,9.0,0.1969,2.9,3.0,2.4,3.51,0.5072,0.5,7,70.0,61.53,61.16,0.37,3.04,True,67.89,6.006
gw1_10,1,10,COV,Rushworth,Regular Starter,4.5,3.11,1.375,LEE,Trafford,Nailed Starter,5.0,3.45,1.4737,9.5,-0.0941,2.9,3.2,2.5,3.17,0.5493,0.4,5,50.0,60.84,60.84,0.0,2.35,True,60.78,5.79
gw1_10,1,10,COV,Rushworth,Regular Starter,4.5,3.11,1.375,MUN,Lammens,Nailed Starter,5.0,2.4688,1.2188,9.5,-0.4176,2.9,3.0,2.4,3.67,0.4855,0.5,6,60.0,62.36,62.03,0.34,3.81,True,64.25,5.942
gw1_10,1,10,COV,Rushworth,Regular Starter,4.5,3.11,1.375,NEW,Pope,Regular Starter,5.0,3.3154,1.4156,9.5,0.4741,2.9,2.9,2.5,3.28,0.5216,0.4,6,60.0,60.99,60.58,0.41,2.5,True,61.5,5.805
gw1_10,1,10,COV,Rushworth,Regular Starter,4.5,3.11,1.375,NFO,Sels,Nailed Starter,5.0,3.2058,1.3161,9.5,-0.3074,2.9,3.1,2.3,3.62,0.5077,0.6,7,70.0,63.37,63.1,0.26,3.91,True,65.42,6.043
gw1_10,1,10,COV,Rushworth,Regular Starter,4.5,3.11,1.375,TOT,Kinsky,Regular Starter,4.5,3.15,1.5,9.0,-0.1392,2.9,3.0,2.4,3.32,0.538,0.5,6,60.0,61.28,61.18,0.1,2.79,True,67.0,5.981
gw1_10,1,10,COV,Rushworth,Regular Starter,4.5,3.11,1.375,SUN,Roefs,Nailed Starter,5.0,3.1143,1.3143,9.5,0.0759,2.9,2.9,2.4,3.52,0.4907,0.5,6,60.0,62.98,61.91,1.07,2.79,True,64.83,6.004
gw1_10,1,10,COV,Rushworth,Regular Starter,4.5,3.11,1.375,IPS,Scherpen,Regular Starter,4.5,1.9,1.375,9.0,0.1027,2.9,3.1,2.5,3.32,0.5204,0.4,6,60.0,60.69,60.2,0.49,2.2,True,66.19,5.922
gw1_10,1,10,COV,Rushworth,Regular Starter,4.5,3.11,1.375,NEW,Horníček,Regular Starter,5.0,2.25,1.4474,9.5,0.4741,2.9,2.9,2.5,3.27,0.5269,0.4,6,60.0,58.78,57.77,1.01,0.29,True,58.94,5.584
gw1_10,1,10,COV,Rushworth,Regular Starter,4.5,3.11,1.375,HUL,Tzolakis,Regular Starter,4.5,1.72,1.375,9.0,0.3232,2.9,3.2,2.6,3.11,0.5336,0.3,5,50.0,59.06,59.01,0.05,0.57,True,63.62,5.759
gw1_10,1,10,CHE,Sánchez,Nailed Starter,5.0,2.9013,1.4507,FUL,Leno,Nailed Starter,4.5,2.5789,1.3421,9.5,0.0,3.1,3.0,2.5,3.27,0.5446,0.5,6,60.0,60.23,60.23,0.0,3.41,False,60.2,5.729
gw1_10,1,10,CHE,Sánchez,Nailed Starter,5.0,2.9013,1.4507,TOT,Kinsky,Regular Starter,4.5,3.15,1.5,9.5,0.1903,3.1,3.0,2.7,2.75,0.5838,0.3,3,30.0,58.6,58.56,0.04,2.5,False,56.6,5.566
gw1_10,1,10,CHE,Sánchez,Nailed Starter,5.0,2.9013,1.4507,IPS,Scherpen,Regular Starter,4.5,1.9,1.375,9.5,-0.0128,3.1,3.1,2.6,3.06,0.5586,0.5,5,50.0,58.93,58.56,0.37,2.84,True,57.97,5.599
gw1_10,1,10,CHE,Sánchez,Nailed Starter,5.0,2.9013,1.4507,HUL,Tzolakis,Regular Starter,4.5,1.72,1.375,9.5,-0.1657,3.1,3.2,2.7,2.82,0.5706,0.4,3,30.0,57.82,57.82,0.0,1.72,True,56.0,5.488
gw1_10,1,10,CRY,Henderson,Nailed Starter,5.0,2.8649,1.3784,FUL,Leno,Nailed Starter,4.5,2.5789,1.3421,9.5,-0.1768,3.0,3.0,2.5,3.3,0.5281,0.5,5,50.0,60.13,59.81,0.33,2.96,False,60.42,5.719
gw1_10,1,10,CRY,Henderson,Nailed Starter,5.0,2.8649,1.3784,TOT,Kinsky,Regular Starter,4.5,3.15,1.5,9.5,-0.5,3.0,3.0,2.6,2.95,0.5615,0.4,4,40.0,59.05,58.9,0.16,1.88,False,58.05,5.611
gw1_10,1,10,CRY,Henderson,Nailed Starter,5.0,2.8649,1.3784,IPS,Scherpen,Regular Starter,4.5,1.9,1.375,9.5,0.1676,3.0,3.1,2.6,3.07,0.5439,0.4,5,50.0,58.5,58.13,0.37,1.32,True,57.79,5.556
gw1_10,1,10,CRY,Henderson,Nailed Starter,5.0,2.8649,1.3784,HUL,Tzolakis,Regular Starter,4.5,1.72,1.375,9.5,0.0,3.0,3.2,2.7,3.02,0.5527,0.3,4,40.0,58.59,58.01,0.58,1.41,True,57.21,5.565
gw1_10,1,10,FUL,Leno,Nailed Starter,4.5,2.5789,1.3421,LEE,Trafford,Nailed Starter,5.0,3.45,1.4737,9.5,-0.5976,3.0,3.2,2.5,3.15,0.5547,0.5,5,50.0,60.12,60.06,0.06,3.3,False,59.87,5.718
gw1_10,1,10,FUL,Leno,Nailed Starter,4.5,2.5789,1.3421,MUN,Lammens,Nailed Starter,5.0,2.4688,1.2188,9.5,0.1768,3.0,3.0,2.6,3.48,0.4985,0.4,6,60.0,61.2,60.28,0.93,2.65,False,61.7,5.826
gw1_10,1,10,FUL,Leno,Nailed Starter,4.5,2.5789,1.3421,NEW,Pope,Regular Starter,5.0,3.3154,1.4156,9.5,0.2076,3.0,2.9,2.6,3.11,0.53,0.3,5,50.0,59.14,58.61,0.53,2.33,False,58.78,5.62
gw1_10,1,10,FUL,Leno,Nailed Starter,4.5,2.5789,1.3421,NFO,Sels,Nailed Starter,5.0,3.2058,1.3161,9.5,-0.2692,3.0,3.1,2.5,3.35,0.5179,0.5,6,60.0,62.42,61.37,1.05,2.96,False,63.16,5.948
gw1_10,1,10,FUL,Leno,Nailed Starter,4.5,2.5789,1.3421,TOT,Kinsky,Regular Starter,4.5,3.15,1.5,9.0,-0.1768,3.0,3.0,2.5,3.16,0.5485,0.5,5,50.0,59.37,59.37,0.0,2.55,False,64.16,5.79
gw1_10,1,10,FUL,Leno,Nailed Starter,4.5,2.5789,1.3421,SUN,Roefs,Nailed Starter,5.0,3.1143,1.3143,9.5,0.2142,3.0,2.9,2.5,3.5,0.4983,0.4,7,70.0,62.38,61.88,0.5,2.19,False,63.51,5.944
gw1_10,1,10,FUL,Leno,Nailed Starter,4.5,2.5789,1.3421,IPS,Scherpen,Regular Starter,4.5,1.9,1.375,9.0,-0.3555,3.0,3.1,2.4,3.38,0.5256,0.6,6,60.0,59.41,58.7,0.71,2.6,True,65.17,5.794
gw1_10,1,10,FUL,Leno,Nailed Starter,4.5,2.5789,1.3421,NEW,Horníček,Regular Starter,5.0,2.25,1.4474,9.5,0.2076,3.0,2.9,2.6,3.04,0.5354,0.3,5,50.0,57.51,56.42,1.08,0.69,False,56.86,5.457
gw1_10,1,10,FUL,Leno,Nailed Starter,4.5,2.5789,1.3421,HUL,Tzolakis,Regular Starter,4.5,1.72,1.375,9.0,-0.1282,3.0,3.2,2.6,3.2,0.5374,0.4,6,60.0,58.51,58.03,0.48,1.69,True,62.93,5.704
gw1_10,1,10,LEE,Trafford,Nailed Starter,5.0,3.45,1.4737,TOT,Kinsky,Regular Starter,4.5,3.15,1.5,9.5,0.2113,3.2,3.0,2.8,2.62,0.5968,0.2,3,30.0,57.83,57.74,0.1,2.01,False,54.99,5.489
gw1_10,1,10,LEE,Trafford,Nailed Starter,5.0,3.45,1.4737,IPS,Scherpen,Regular Starter,4.5,1.9,1.375,9.5,-0.0283,3.2,3.1,2.7,2.86,0.5738,0.4,4,40.0,58.17,57.69,0.48,2.4,True,56.32,5.523
gw1_10,1,10,LEE,Trafford,Nailed Starter,5.0,3.45,1.4737,HUL,Tzolakis,Regular Starter,4.5,1.72,1.375,9.5,-0.2146,3.2,3.2,2.7,2.83,0.5845,0.5,3,30.0,57.02,55.94,1.08,1.24,True,54.83,5.408
gw1_10,1,10,MUN,Lammens,Nailed Starter,5.0,2.4688,1.2188,TOT,Kinsky,Regular Starter,4.5,3.15,1.5,9.5,0.25,3.0,3.0,2.7,3.18,0.5337,0.3,3,30.0,60.09,59.82,0.27,1.54,False,59.26,5.715
gw1_10,1,10,MUN,Lammens,Nailed Starter,5.0,2.4688,1.2188,IPS,Scherpen,Regular Starter,4.5,1.9,1.375,9.5,-0.1676,3.0,3.1,2.6,3.42,0.511,0.4,4,40.0,59.88,59.18,0.7,1.33,True,59.98,5.694
gw1_10,1,10,MUN,Lammens,Nailed Starter,5.0,2.4688,1.2188,HUL,Tzolakis,Regular Starter,4.5,1.72,1.375,9.5,0.0,3.0,3.2,2.8,3.26,0.5223,0.2,3,30.0,59.45,58.74,0.71,0.9,True,58.28,5.651
gw1_10,1,10,NEW,Pope,Regular Starter,5.0,3.3154,1.4156,TOT,Kinsky,Regular Starter,4.5,3.15,1.5,9.5,-0.2936,2.9,3.0,2.6,2.87,0.5627,0.3,4,40.0,58.33,57.89,0.44,2.5,False,57.22,5.539
gw1_10,1,10,NEW,Pope,Regular Starter,5.0,3.3154,1.4156,IPS,Scherpen,Regular Starter,4.5,1.9,1.375,9.5,0.0197,2.9,3.1,2.6,3.03,0.5437,0.3,4,40.0,57.03,56.53,0.5,1.47,True,56.16,5.409
gw1_10,1,10,NEW,Pope,Regular Starter,5.0,3.3154,1.4156,HUL,Tzolakis,Regular Starter,4.5,1.72,1.375,9.5,0.2556,2.9,3.2,2.7,2.94,0.5549,0.2,4,40.0,56.82,56.59,0.24,1.26,True,55.2,5.388
gw1_10,1,10,NFO,Sels,Nailed Starter,5.0,3.2058,1.3161,TOT,Kinsky,Regular Starter,4.5,3.15,1.5,9.5,-0.571,3.1,3.0,2.5,3.23,0.5513,0.5,5,50.0,61.63,61.33,0.3,2.17,False,61.62,5.869
gw1_10,1,10,NFO,Sels,Nailed Starter,5.0,3.2058,1.3161,IPS,Scherpen,Regular Starter,4.5,1.9,1.375,9.5,0.4977,3.1,3.1,2.7,3.01,0.5391,0.4,5,50.0,59.91,59.85,0.06,0.45,True,58.95,5.697
gw1_10,1,10,NFO,Sels,Nailed Starter,5.0,3.2058,1.3161,HUL,Tzolakis,Regular Starter,4.5,1.72,1.375,9.5,0.1105,3.1,3.2,2.7,3.1,0.5449,0.4,5,50.0,59.84,58.99,0.86,0.38,True,58.76,5.69
gw1_10,1,10,TOT,Kinsky,Regular Starter,4.5,3.15,1.5,SUN,Roefs,Nailed Starter,5.0,3.1143,1.3143,9.5,-0.1514,3.0,2.9,2.4,3.39,0.529,0.5,6,60.0,62.44,61.53,0.91,2.25,False,63.46,5.95
gw1_10,1,10,TOT,Kinsky,Regular Starter,4.5,3.15,1.5,IPS,Scherpen,Regular Starter,4.5,1.9,1.375,9.0,-0.6704,3.0,3.1,2.5,3.08,0.5591,0.5,5,50.0,58.18,57.84,0.34,2.36,True,62.63,5.671
gw1_10,1,10,TOT,Kinsky,Regular Starter,4.5,3.15,1.5,NEW,Horníček,Regular Starter,5.0,2.25,1.4474,9.5,-0.2936,3.0,2.9,2.6,2.75,0.5685,0.3,4,40.0,56.45,55.27,1.18,0.62,False,55.02,5.351
gw1_10,1,10,TOT,Kinsky,Regular Starter,4.5,3.15,1.5,HUL,Tzolakis,Regular Starter,4.5,1.72,1.375,9.0,0.1814,3.0,3.2,2.7,2.76,0.5775,0.3,3,30.0,56.65,56.21,0.44,0.83,True,59.56,5.518
gw1_10,1,10,SUN,Roefs,Nailed Starter,5.0,3.1143,1.3143,IPS,Scherpen,Regular Starter,4.5,1.9,1.375,9.5,0.2132,2.9,3.1,2.5,3.22,0.5148,0.4,5,50.0,60.76,60.01,0.75,0.57,True,61.38,5.782
gw1_10,1,10,SUN,Roefs,Nailed Starter,5.0,3.1143,1.3143,HUL,Tzolakis,Regular Starter,4.5,1.72,1.375,9.5,0.4615,2.9,3.2,2.7,3.08,0.5257,0.2,5,50.0,60.19,58.81,1.38,0.0,True,59.53,5.725
gw1_10,1,10,IPS,Scherpen,Regular Starter,4.5,1.9,1.375,NEW,Horníček,Regular Starter,5.0,2.25,1.4474,9.5,0.0197,3.1,2.9,2.6,2.97,0.5493,0.3,4,40.0,54.04,53.49,0.56,1.1,True,52.73,5.11
gw1_10,1,10,IPS,Scherpen,Regular Starter,4.5,1.9,1.375,HUL,Tzolakis,Regular Starter,4.5,1.72,1.375,9.0,-0.1459,3.1,3.2,2.6,3.02,0.5532,0.5,4,40.0,55.43,55.19,0.24,2.49,True,59.19,5.396
gw1_10,1,10,NEW,Horníček,Regular Starter,5.0,2.25,1.4474,HUL,Tzolakis,Regular Starter,4.5,1.72,1.375,9.5,0.2556,2.9,3.2,2.7,2.94,0.5606,0.2,4,40.0,52.46,51.58,0.88,2.38,True,50.24,4.952
gw1_19,1,19,AVL,Martinez,Nailed Starter,5.0,3.0159,1.2381,BOU,Petrović,Nailed Starter,4.5,2.8684,1.4211,9.5,-0.143,2.9474,3.0526,2.4737,6.64,0.5101,0.4737,11,57.9,120.02,119.36,0.66,4.44,False,64.28,6.022
gw1_19,1,19,AVL,Martinez,Nailed Starter,5.0,3.0159,1.2381,BHA,Verbruggen,Nailed Starter,4.5,2.7895,1.2105,9.5,0.1724,2.9474,3.0526,2.6842,6.44,0.4794,0.2632,8,42.1,119.2,117.97,1.24,3.62,False,63.37,5.979
gw1_19,1,19,AVL,Martinez,Nailed Starter,5.0,3.0159,1.2381,COV,Rushworth,Regular Starter,4.5,3.11,1.375,9.5,-0.2898,2.9474,3.0526,2.4211,6.74,0.5014,0.5263,11,57.9,120.3,119.96,0.34,4.71,True,64.88,6.037
gw1_19,1,19,AVL,Martinez,Nailed Starter,5.0,3.0159,1.2381,FUL,Leno,Nailed Starter,4.5,2.5789,1.3421,9.5,-0.2356,2.9474,3.1053,2.5263,6.72,0.503,0.4211,10,52.6,119.12,119.12,0.0,3.54,False,63.64,5.975
gw1_19,1,19,AVL,Martinez,Nailed Starter,5.0,3.0159,1.2381,TOT,Kinsky,Regular Starter,4.5,3.15,1.5,9.5,0.1616,2.9474,3.0,2.5789,6.39,0.5229,0.3684,10,52.6,118.67,118.11,0.55,3.09,False,62.71,5.951
gw1_19,1,19,AVL,Martinez,Nailed Starter,5.0,3.0159,1.2381,IPS,Scherpen,Regular Starter,4.5,1.9,1.375,9.5,0.2362,2.9474,3.1053,2.6316,6.24,0.5117,0.3158,9,47.4,115.79,114.07,1.72,0.21,True,60.99,5.8
gw1_19,1,19,AVL,Martinez,Nailed Starter,5.0,3.0159,1.2381,HUL,Tzolakis,Regular Starter,4.5,1.72,1.375,9.5,0.2504,2.9474,3.1579,2.6842,6.32,0.5163,0.2632,8,42.1,116.32,116.1,0.22,0.74,True,60.94,5.828
gw1_19,1,19,BOU,Petrović,Nailed Starter,4.5,2.8684,1.4211,BRE,Kelleher,Nailed Starter,5.0,2.9459,1.3243,9.5,-0.0773,3.0526,3.0526,2.5789,6.14,0.5373,0.4737,10,52.6,116.5,115.47,1.02,5.89,False,61.15,5.837
gw1_19,1,19,BOU,Petrović,Nailed Starter,4.5,2.8684,1.4211,BHA,Verbruggen,Nailed Starter,4.5,2.7895,1.2105,9.0,0.064,3.0526,3.0526,2.5789,6.49,0.5147,0.4737,10,52.6,117.46,115.71,1.75,5.15,False,67.17,6.035
gw1_19,1,19,BOU,Petrović,Nailed Starter,4.5,2.8684,1.4211,COV,Rushworth,Regular Starter,4.5,3.11,1.375,9.0,0.1739,3.0526,3.0526,2.5789,5.96,0.544,0.4737,10,52.6,114.16,113.46,0.7,4.91,True,64.65,5.861
gw1_19,1,19,BOU,Petrović,Nailed Starter,4.5,2.8684,1.4211,CHE,Sánchez,Nailed Starter,5.0,2.9013,1.4507,9.5,0.1215,3.0526,3.0,2.4737,6.12,0.5519,0.5263,12,63.2,114.98,114.98,0.0,6.65,False,60.5,5.757
gw1_19,1,19,BOU,Petrović,Nailed Starter,4.5,2.8684,1.4211,CRY,Henderson,Nailed Starter,5.0,2.8649,1.3784,9.5,-0.1634,3.0526,3.1053,2.5263,6.08,0.5519,0.5263,10,52.6,114.79,114.12,0.67,7.48,False,60.13,5.747
gw1_19,1,19,BOU,Petrović,Nailed Starter,4.5,2.8684,1.4211,FUL,Leno,Nailed Starter,4.5,2.5789,1.3421,9.0,0.1239,3.0526,3.1053,2.6316,5.86,0.5452,0.4211,9,47.4,113.3,112.68,0.63,6.04,False,63.86,5.816
gw1_19,1,19,BOU,Petrović,Nailed Starter,4.5,2.8684,1.4211,LEE,Trafford,Nailed Starter,5.0,3.45,1.4737,9.5,0.1698,3.0526,3.1579,2.6316,5.57,0.5707,0.4211,9,47.4,114.56,113.31,1.25,6.23,False,59.09,5.735
gw1_19,1,19,BOU,Petrović,Nailed Starter,4.5,2.8684,1.4211,MUN,Lammens,Nailed Starter,5.0,2.4688,1.2188,9.5,-0.2975,3.0526,3.0526,2.5263,6.52,0.5156,0.5263,9,47.4,116.62,115.46,1.16,5.95,False,61.92,5.843
gw1_19,1,19,BOU,Petrović,Nailed Starter,4.5,2.8684,1.4211,NEW,Pope,Regular Starter,5.0,3.3154,1.4156,9.5,-0.1667,3.0526,3.0526,2.5789,5.82,0.5555,0.4737,9,47.4,112.87,112.67,0.2,5.6,False,58.67,5.646
gw1_19,1,19,BOU,Petrović,Nailed Starter,4.5,2.8684,1.4211,NFO,Sels,Nailed Starter,5.0,3.2058,1.3161,9.5,-0.2805,3.0526,3.0,2.4737,6.26,0.5289,0.5263,10,52.6,118.18,117.04,1.14,4.65,False,62.83,5.926
gw1_19,1,19,BOU,Petrović,Nailed Starter,4.5,2.8684,1.4211,TOT,Kinsky,Regular Starter,4.5,3.15,1.5,9.0,0.0,3.0526,3.0,2.5789,5.64,0.5622,0.4211,10,52.6,113.41,112.88,0.53,5.57,False,63.85,5.822
gw1_19,1,19,BOU,Petrović,Nailed Starter,4.5,2.8684,1.4211,SUN,Roefs,Nailed Starter,5.0,3.1143,1.3143,9.5,-0.1918,3.0526,3.0526,2.4737,6.39,0.5306,0.5789,11,57.9,118.21,117.1,1.12,6.52,False,62.81,5.927
gw1_19,1,19,BOU,Petrović,Nailed Starter,4.5,2.8684,1.4211,IPS,Scherpen,Regular Starter,4.5,1.9,1.375,9.0,-0.3121,3.0526,3.1053,2.5263,5.78,0.5466,0.5263,9,47.4,111.4,110.12,1.28,4.14,True,63.25,5.716
gw1_19,1,19,BOU,Petrović,Nailed Starter,4.5,2.8684,1.4211,NEW,Horníček,Regular Starter,5.0,2.25,1.4474,9.5,-0.1667,3.0526,3.0526,2.5789,5.7,0.561,0.4737,9,47.4,109.31,107.64,1.67,2.04,False,56.48,5.459
gw1_19,1,19,BOU,Petrović,Nailed Starter,4.5,2.8684,1.4211,HUL,Tzolakis,Regular Starter,4.5,1.72,1.375,9.0,-0.0738,3.0526,3.1579,2.5789,5.8,0.5539,0.4737,9,47.4,109.54,108.52,1.01,2.27,True,61.75,5.618
gw1_19,1,19,BRE,Kelleher,Nailed Starter,5.0,2.9459,1.3243,BHA,Verbruggen,Nailed Starter,4.5,2.7895,1.2105,9.5,0.0796,3.0526,3.0526,2.6316,6.56,0.5034,0.4211,8,42.1,117.05,116.19,0.85,4.73,False,61.89,5.866
gw1_19,1,19,BRE,Kelleher,Nailed Starter,5.0,2.9459,1.3243,COV,Rushworth,Regular Starter,4.5,3.11,1.375,9.5,-0.2241,3.0526,3.0526,2.5263,6.24,0.5285,0.5263,10,52.6,116.47,116.14,0.33,5.86,True,61.58,5.836
gw1_19,1,19,BRE,Kelleher,Nailed Starter,5.0,2.9459,1.3243,FUL,Leno,Nailed Starter,4.5,2.5789,1.3421,9.5,-0.0086,3.0526,3.1053,2.6316,6.11,0.5319,0.4211,8,42.1,114.32,113.8,0.52,3.71,False,59.72,5.722
gw1_19,1,19,BRE,Kelleher,Nailed Starter,5.0,2.9459,1.3243,TOT,Kinsky,Regular Starter,4.5,3.15,1.5,9.5,-0.0808,3.0526,3.0,2.5789,6.03,0.548,0.4211,10,52.6,115.3,114.91,0.39,4.69,False,60.24,5.774
gw1_19,1,19,BRE,Kelleher,Nailed Starter,5.0,2.9459,1.3243,IPS,Scherpen,Regular Starter,4.5,1.9,1.375,9.5,-0.1601,3.0526,3.1053,2.5263,6.19,0.5337,0.5263,10,52.6,113.25,112.37,0.87,2.64,True,59.59,5.666
gw1_19,1,19,BRE,Kelleher,Nailed Starter,5.0,2.9459,1.3243,HUL,Tzolakis,Regular Starter,4.5,1.72,1.375,9.5,-0.1711,3.0526,3.1579,2.5789,5.79,0.5408,0.4737,8,42.1,111.37,108.76,2.62,0.77,True,58.08,5.567
gw1_19,1,19,BHA,Verbruggen,Nailed Starter,4.5,2.7895,1.2105,COV,Rushworth,Regular Starter,4.5,3.11,1.375,9.0,-0.2736,3.0526,3.0526,2.5263,6.73,0.504,0.5263,10,52.6,118.19,117.55,0.65,5.88,True,68.07,6.073
gw1_19,1,19,BHA,Verbruggen,Nailed Starter,4.5,2.7895,1.2105,CHE,Sánchez,Nailed Starter,5.0,2.9013,1.4507,9.5,0.0,3.0526,3.0,2.5789,6.42,0.5156,0.4211,9,47.4,116.35,115.28,1.08,4.04,False,61.5,5.829
gw1_19,1,19,BHA,Verbruggen,Nailed Starter,4.5,2.7895,1.2105,CRY,Henderson,Nailed Starter,5.0,2.8649,1.3784,9.5,0.2571,3.0526,3.1053,2.7368,6.22,0.52,0.3158,6,31.6,114.58,113.7,0.88,2.27,False,59.59,5.736
gw1_19,1,19,BHA,Verbruggen,Nailed Starter,4.5,2.7895,1.2105,FUL,Leno,Nailed Starter,4.5,2.5789,1.3421,9.0,-0.0827,3.0526,3.1053,2.5789,6.65,0.506,0.4737,10,52.6,115.55,115.55,0.0,3.24,False,66.23,5.934
gw1_19,1,19,BHA,Verbruggen,Nailed Starter,4.5,2.7895,1.2105,LEE,Trafford,Nailed Starter,5.0,3.45,1.4737,9.5,0.1259,3.0526,3.1579,2.6316,6.11,0.5334,0.4211,7,36.8,116.76,115.95,0.81,4.44,False,61.12,5.851
gw1_19,1,19,BHA,Verbruggen,Nailed Starter,4.5,2.7895,1.2105,MUN,Lammens,Nailed Starter,5.0,2.4688,1.2188,9.5,-0.2564,3.0526,3.0526,2.5789,6.88,0.4802,0.4737,9,47.4,117.87,117.77,0.1,5.55,False,63.1,5.909
gw1_19,1,19,BHA,Verbruggen,Nailed Starter,4.5,2.7895,1.2105,NEW,Pope,Regular Starter,5.0,3.3154,1.4156,9.5,-0.0978,3.0526,3.0526,2.5789,6.46,0.5186,0.4737,9,47.4,115.65,114.76,0.89,3.34,False,61.03,5.792
gw1_19,1,19,BHA,Verbruggen,Nailed Starter,4.5,2.7895,1.2105,NFO,Sels,Nailed Starter,5.0,3.2058,1.3161,9.5,-0.3209,3.0526,3.0,2.4737,6.93,0.4919,0.5263,11,57.9,120.98,120.32,0.66,7.45,False,65.21,6.073
gw1_19,1,19,BHA,Verbruggen,Nailed Starter,4.5,2.7895,1.2105,TOT,Kinsky,Regular Starter,4.5,3.15,1.5,9.0,0.1486,3.0526,3.0,2.5789,6.41,0.525,0.4211,10,52.6,116.79,116.29,0.5,4.48,False,66.57,6.0
gw1_19,1,19,BHA,Verbruggen,Nailed Starter,4.5,2.7895,1.2105,SUN,Roefs,Nailed Starter,5.0,3.1143,1.3143,9.5,-0.3632,3.0526,3.0526,2.4737,7.01,0.4928,0.5789,11,57.9,119.98,119.98,0.0,7.67,False,64.61,6.02
gw1_19,1,19,BHA,Verbruggen,Nailed Starter,4.5,2.7895,1.2105,IPS,Scherpen,Regular Starter,4.5,1.9,1.375,9.0,-0.0074,3.0526,3.1053,2.5789,6.42,0.511,0.4737,10,52.6,114.42,112.64,1.78,2.1,True,65.46,5.875
gw1_19,1,19,BHA,Verbruggen,Nailed Starter,4.5,2.7895,1.2105,NEW,Horníček,Regular Starter,5.0,2.25,1.4474,9.5,-0.0978,3.0526,3.0526,2.5789,6.13,0.5237,0.4737,9,47.4,112.75,108.87,3.88,0.43,False,59.23,5.64
gw1_19,1,19,BHA,Verbruggen,Nailed Starter,4.5,2.7895,1.2105,HUL,Tzolakis,Regular Starter,4.5,1.72,1.375,9.0,-0.3761,3.0526,3.1579,2.5789,6.41,0.5144,0.4737,8,42.1,114.6,110.76,3.84,2.29,True,65.5,5.884
gw1_19,1,19,COV,Rushworth,Regular Starter,4.5,3.11,1.375,CHE,Sánchez,Nailed Starter,5.0,2.9013,1.4507,9.5,0.2429,3.0526,3.0,2.6316,5.9,0.5458,0.3684,10,52.6,114.25,114.1,0.15,5.0,True,59.41,5.719
gw1_19,1,19,COV,Rushworth,Regular Starter,4.5,3.11,1.375,CRY,Henderson,Nailed Starter,5.0,2.8649,1.3784,9.5,0.1471,3.0526,3.1053,2.6842,5.7,0.5476,0.3684,8,42.1,113.37,113.29,0.08,4.12,True,58.59,5.672
gw1_19,1,19,COV,Rushworth,Regular Starter,4.5,3.11,1.375,FUL,Leno,Nailed Starter,4.5,2.5789,1.3421,9.0,0.0585,3.0526,3.1053,2.5789,6.0,0.5368,0.4737,9,47.4,114.14,113.55,0.59,4.89,True,64.78,5.86
gw1_19,1,19,COV,Rushworth,Regular Starter,4.5,3.11,1.375,LEE,Trafford,Nailed Starter,5.0,3.45,1.4737,9.5,-0.1887,3.0526,3.1579,2.5263,5.96,0.5592,0.5263,10,52.6,116.22,116.22,0.0,6.97,True,60.82,5.822
gw1_19,1,19,COV,Rushworth,Regular Starter,4.5,3.11,1.375,MUN,Lammens,Nailed Starter,5.0,2.4688,1.2188,9.5,-0.2975,3.0526,3.0526,2.5263,6.59,0.5077,0.5263,9,47.4,116.78,116.29,0.49,6.1,True,62.17,5.852
gw1_19,1,19,COV,Rushworth,Regular Starter,4.5,3.11,1.375,NEW,Pope,Regular Starter,5.0,3.3154,1.4156,9.5,0.2394,3.0526,3.0526,2.6842,5.79,0.5501,0.3684,9,47.4,113.64,113.23,0.41,4.39,True,58.7,5.687
gw1_19,1,19,COV,Rushworth,Regular Starter,4.5,3.11,1.375,NFO,Sels,Nailed Starter,5.0,3.2058,1.3161,9.5,-0.2104,3.0526,3.0,2.5263,6.35,0.5215,0.4737,10,52.6,118.02,116.89,1.13,4.5,True,62.62,5.917
gw1_19,1,19,COV,Rushworth,Regular Starter,4.5,3.11,1.375,TOT,Kinsky,Regular Starter,4.5,3.15,1.5,9.0,0.1948,3.0526,3.0,2.5789,5.87,0.5554,0.4211,10,52.6,115.09,114.87,0.23,5.85,True,64.97,5.91
gw1_19,1,19,COV,Rushworth,Regular Starter,4.5,3.11,1.375,SUN,Roefs,Nailed Starter,5.0,3.1143,1.3143,9.5,-0.0661,3.0526,3.0526,2.5789,6.19,0.5261,0.4737,8,42.1,116.42,115.17,1.25,4.74,True,61.33,5.833
gw1_19,1,19,COV,Rushworth,Regular Starter,4.5,3.11,1.375,IPS,Scherpen,Regular Starter,4.5,1.9,1.375,9.0,0.2381,3.0526,3.1053,2.6842,5.65,0.5435,0.3684,8,42.1,111.68,110.55,1.12,2.43,True,62.69,5.731
gw1_19,1,19,COV,Rushworth,Regular Starter,4.5,3.11,1.375,NEW,Horníček,Regular Starter,5.0,2.25,1.4474,9.5,0.2394,3.0526,3.0526,2.6842,5.63,0.5555,0.3684,9,47.4,110.02,108.93,1.09,0.77,True,56.47,5.496
gw1_19,1,19,COV,Rushworth,Regular Starter,4.5,3.11,1.375,HUL,Tzolakis,Regular Starter,4.5,1.72,1.375,9.0,0.2449,3.0526,3.1579,2.6842,5.64,0.549,0.3684,8,42.1,110.62,109.88,0.74,1.37,True,61.96,5.675
gw1_19,1,19,CHE,Sánchez,Nailed Starter,5.0,2.9013,1.4507,FUL,Leno,Nailed Starter,4.5,2.5789,1.3421,9.5,-0.1346,3.0,3.1053,2.5263,6.04,0.5443,0.4737,10,52.6,113.68,113.66,0.02,5.35,False,59.63,5.689
gw1_19,1,19,CHE,Sánchez,Nailed Starter,5.0,2.9013,1.4507,TOT,Kinsky,Regular Starter,4.5,3.15,1.5,9.5,0.0,3.0,3.0,2.5789,5.6,0.5646,0.4211,9,47.4,113.91,113.67,0.24,5.58,False,59.09,5.701
gw1_19,1,19,CHE,Sánchez,Nailed Starter,5.0,2.9013,1.4507,IPS,Scherpen,Regular Starter,4.5,1.9,1.375,9.5,-0.3146,3.0,3.1053,2.4737,5.99,0.5463,0.5263,11,57.9,112.66,111.58,1.08,4.33,True,59.26,5.635
gw1_19,1,19,CHE,Sánchez,Nailed Starter,5.0,2.9013,1.4507,HUL,Tzolakis,Regular Starter,4.5,1.72,1.375,9.5,0.0,3.0,3.1579,2.6316,5.44,0.5572,0.3684,7,36.8,110.72,109.79,0.93,2.4,True,57.11,5.533
gw1_19,1,19,CRY,Henderson,Nailed Starter,5.0,2.8649,1.3784,FUL,Leno,Nailed Starter,4.5,2.5789,1.3421,9.5,-0.3624,3.1053,3.1053,2.5789,6.05,0.5448,0.5263,8,42.1,113.26,112.94,0.33,5.96,False,59.11,5.667
gw1_19,1,19,CRY,Henderson,Nailed Starter,5.0,2.8649,1.3784,TOT,Kinsky,Regular Starter,4.5,3.15,1.5,9.5,-0.1708,3.1053,3.0,2.5789,5.71,0.5638,0.4211,9,47.4,113.55,113.33,0.22,5.71,False,58.9,5.682
gw1_19,1,19,CRY,Henderson,Nailed Starter,5.0,2.8649,1.3784,IPS,Scherpen,Regular Starter,4.5,1.9,1.375,9.5,-0.0974,3.1053,3.1053,2.5789,5.93,0.5507,0.5263,9,47.4,110.46,110.1,0.37,3.16,True,57.35,5.519
gw1_19,1,19,CRY,Henderson,Nailed Starter,5.0,2.8649,1.3784,HUL,Tzolakis,Regular Starter,4.5,1.72,1.375,9.5,0.1412,3.1053,3.1579,2.7368,5.64,0.5583,0.3684,7,36.8,109.52,108.21,1.31,2.21,True,55.86,5.47
gw1_19,1,19,FUL,Leno,Nailed Starter,4.5,2.5789,1.3421,LEE,Trafford,Nailed Starter,5.0,3.45,1.4737,9.5,-0.2859,3.1053,3.1579,2.5263,5.83,0.5585,0.5789,10,52.6,115.09,114.98,0.11,6.76,False,60.17,5.763
gw1_19,1,19,FUL,Leno,Nailed Starter,4.5,2.5789,1.3421,MUN,Lammens,Nailed Starter,5.0,2.4688,1.2188,9.5,0.1542,3.1053,3.0526,2.6842,6.38,0.5114,0.3684,9,47.4,114.97,113.32,1.65,4.29,False,60.25,5.757
gw1_19,1,19,FUL,Leno,Nailed Starter,4.5,2.5789,1.3421,NEW,Pope,Regular Starter,5.0,3.3154,1.4156,9.5,0.1706,3.1053,3.0526,2.6842,5.73,0.5508,0.3684,8,42.1,110.42,109.9,0.53,4.66,False,56.8,5.517
gw1_19,1,19,FUL,Leno,Nailed Starter,4.5,2.5789,1.3421,NFO,Sels,Nailed Starter,5.0,3.2058,1.3161,9.5,-0.2332,3.1053,3.0,2.5263,6.34,0.522,0.4737,10,52.6,117.98,116.64,1.35,4.46,False,62.59,5.915
gw1_19,1,19,FUL,Leno,Nailed Starter,4.5,2.5789,1.3421,TOT,Kinsky,Regular Starter,4.5,3.15,1.5,9.0,-0.2879,3.1053,3.0,2.4737,6.08,0.5526,0.5263,10,52.6,113.93,113.93,0.0,6.09,False,64.87,5.849
gw1_19,1,19,FUL,Leno,Nailed Starter,4.5,2.5789,1.3421,SUN,Roefs,Nailed Starter,5.0,3.1143,1.3143,9.5,0.3409,3.1053,3.0526,2.7368,5.91,0.5287,0.3158,9,47.4,114.77,113.3,1.47,3.08,False,59.53,5.746
gw1_19,1,19,FUL,Leno,Nailed Starter,4.5,2.5789,1.3421,IPS,Scherpen,Regular Starter,4.5,1.9,1.375,9.0,-0.1498,3.1053,3.1053,2.5789,5.91,0.5406,0.5263,9,47.4,109.71,108.93,0.79,3.95,True,62.12,5.627
gw1_19,1,19,FUL,Leno,Nailed Starter,4.5,2.5789,1.3421,NEW,Horníček,Regular Starter,5.0,2.25,1.4474,9.5,0.1706,3.1053,3.0526,2.6842,5.41,0.5562,0.3684,8,42.1,106.47,104.77,1.69,0.7,False,54.38,5.309
gw1_19,1,19,FUL,Leno,Nailed Starter,4.5,2.5789,1.3421,HUL,Tzolakis,Regular Starter,4.5,1.72,1.375,9.0,-0.3756,3.1053,3.1579,2.6316,5.97,0.5437,0.4737,9,47.4,110.08,109.19,0.89,4.32,True,62.01,5.646
gw1_19,1,19,LEE,Trafford,Nailed Starter,5.0,3.45,1.4737,TOT,Kinsky,Regular Starter,4.5,3.15,1.5,9.5,-0.263,3.1579,3.0,2.5263,5.67,0.5775,0.4737,10,52.6,115.34,115.05,0.3,7.01,False,59.94,5.776
gw1_19,1,19,LEE,Trafford,Nailed Starter,5.0,3.45,1.4737,IPS,Scherpen,Regular Starter,4.5,1.9,1.375,9.5,-0.2672,3.1579,3.1053,2.5263,5.63,0.5636,0.5789,10,52.6,112.56,111.96,0.6,4.23,True,58.59,5.63
gw1_19,1,19,LEE,Trafford,Nailed Starter,5.0,3.45,1.4737,HUL,Tzolakis,Regular Starter,4.5,1.72,1.375,9.5,-0.1597,3.1579,3.1579,2.6316,5.5,0.5715,0.5263,8,42.1,111.27,109.01,2.27,2.94,True,57.15,5.562
gw1_19,1,19,MUN,Lammens,Nailed Starter,5.0,2.4688,1.2188,TOT,Kinsky,Regular Starter,4.5,3.15,1.5,9.5,0.1616,3.0526,3.0,2.6316,6.19,0.5295,0.3684,8,42.1,115.75,115.48,0.27,5.08,False,60.61,5.798
gw1_19,1,19,MUN,Lammens,Nailed Starter,5.0,2.4688,1.2188,IPS,Scherpen,Regular Starter,4.5,1.9,1.375,9.5,-0.1601,3.0526,3.1053,2.5789,6.34,0.5144,0.4737,8,42.1,113.19,111.7,1.5,2.52,True,59.68,5.663
gw1_19,1,19,MUN,Lammens,Nailed Starter,5.0,2.4688,1.2188,HUL,Tzolakis,Regular Starter,4.5,1.72,1.375,9.5,0.3047,3.0526,3.1579,2.8421,6.15,0.5227,0.2105,6,31.6,111.86,110.21,1.65,1.19,True,57.42,5.593
gw1_19,1,19,NEW,Pope,Regular Starter,5.0,3.3154,1.4156,TOT,Kinsky,Regular Starter,4.5,3.15,1.5,9.5,-0.0893,3.0526,3.0,2.5789,5.47,0.567,0.4211,9,47.4,111.97,110.93,1.04,4.13,False,57.91,5.599
gw1_19,1,19,NEW,Pope,Regular Starter,5.0,3.3154,1.4156,IPS,Scherpen,Regular Starter,4.5,1.9,1.375,9.5,0.1594,3.0526,3.1053,2.6842,5.6,0.5562,0.3684,7,36.8,106.82,105.34,1.48,3.61,True,54.59,5.328
gw1_19,1,19,NEW,Pope,Regular Starter,5.0,3.3154,1.4156,HUL,Tzolakis,Regular Starter,4.5,1.72,1.375,9.5,0.0739,3.0526,3.1579,2.6842,5.67,0.5607,0.3684,8,42.1,107.45,106.74,0.71,4.24,True,54.87,5.361
gw1_19,1,19,NFO,Sels,Nailed Starter,5.0,3.2058,1.3161,TOT,Kinsky,Regular Starter,4.5,3.15,1.5,9.5,-0.3858,3.0,3.0,2.4211,6.3,0.5384,0.5789,11,57.9,118.59,117.92,0.67,5.06,False,63.14,5.947
gw1_19,1,19,NFO,Sels,Nailed Starter,5.0,3.2058,1.3161,IPS,Scherpen,Regular Starter,4.5,1.9,1.375,9.5,0.2179,3.0,3.1053,2.6316,5.67,0.5309,0.3684,9,47.4,113.98,113.36,0.62,0.45,True,59.55,5.705
gw1_19,1,19,NFO,Sels,Nailed Starter,5.0,3.2058,1.3161,HUL,Tzolakis,Regular Starter,4.5,1.72,1.375,9.5,0.1515,3.0,3.1579,2.6316,6.03,0.5344,0.3684,10,52.6,114.48,112.67,1.81,0.95,True,59.77,5.731
gw1_19,1,19,TOT,Kinsky,Regular Starter,4.5,3.15,1.5,SUN,Roefs,Nailed Starter,5.0,3.1143,1.3143,9.5,-0.4148,3.0,3.0526,2.4211,6.35,0.5398,0.5789,11,57.9,118.08,116.95,1.13,6.39,False,62.82,5.92
gw1_19,1,19,TOT,Kinsky,Regular Starter,4.5,3.15,1.5,IPS,Scherpen,Regular Starter,4.5,1.9,1.375,9.0,0.0673,3.0,3.1053,2.6316,5.47,0.5595,0.3684,9,47.4,110.43,108.35,2.08,2.59,True,61.9,5.665
gw1_19,1,19,TOT,Kinsky,Regular Starter,4.5,3.15,1.5,NEW,Horníček,Regular Starter,5.0,2.25,1.4474,9.5,-0.0893,3.0,3.0526,2.5789,5.26,0.5726,0.4211,9,47.4,109.06,106.59,2.48,1.23,False,56.1,5.446
gw1_19,1,19,TOT,Kinsky,Regular Starter,4.5,3.15,1.5,HUL,Tzolakis,Regular Starter,4.5,1.72,1.375,9.0,0.3506,3.0,3.1579,2.6842,5.32,0.5695,0.3158,7,36.8,109.54,109.1,0.44,1.71,True,60.91,5.618
gw1_19,1,19,SUN,Roefs,Nailed Starter,5.0,3.1143,1.3143,IPS,Scherpen,Regular Starter,4.5,1.9,1.375,9.5,-0.0069,3.0526,3.1053,2.6316,5.8,0.5319,0.4211,8,42.1,112.62,110.32,2.29,0.93,True,58.73,5.633
gw1_19,1,19,SUN,Roefs,Nailed Starter,5.0,3.1143,1.3143,HUL,Tzolakis,Regular Starter,4.5,1.72,1.375,9.5,0.125,3.0526,3.1579,2.6842,5.81,0.5376,0.3684,8,42.1,113.33,111.3,2.03,1.64,True,58.77,5.67
gw1_19,1,19,IPS,Scherpen,Regular Starter,4.5,1.9,1.375,NEW,Horníček,Regular Starter,5.0,2.25,1.4474,9.5,0.1594,3.1053,3.0526,2.6842,5.48,0.5616,0.3684,7,36.8,100.67,99.96,0.7,1.63,True,50.89,5.004
gw1_19,1,19,IPS,Scherpen,Regular Starter,4.5,1.9,1.375,HUL,Tzolakis,Regular Starter,4.5,1.72,1.375,9.0,-0.1529,3.1053,3.1579,2.5789,5.79,0.551,0.5263,8,42.1,104.74,104.48,0.26,5.7,True,59.0,5.365
gw1_19,1,19,NEW,Horníček,Regular Starter,5.0,2.25,1.4474,HUL,Tzolakis,Regular Starter,4.5,1.72,1.375,9.5,0.0739,3.0526,3.1579,2.6842,5.65,0.5662,0.3684,8,42.1,100.67,98.08,2.58,3.85,True,50.79,5.004
full_season,1,38,AVL,Martinez,Nailed Starter,5.0,3.0159,1.2381,BOU,Petrović,Nailed Starter,4.5,2.8684,1.4211,9.5,-0.0748,3.0263,3.0526,2.5526,12.9,0.5186,0.4737,19,50.0,237.62,236.36,1.26,8.2,False,63.01,5.959
full_season,1,38,AVL,Martinez,Nailed Starter,5.0,3.0159,1.2381,BHA,Verbruggen,Nailed Starter,4.5,2.7895,1.2105,9.5,0.1087,3.0263,3.0789,2.6316,13.3,0.4849,0.3947,18,47.4,239.79,238.39,1.39,10.37,False,63.92,6.016
full_season,1,38,AVL,Martinez,Nailed Starter,5.0,3.0159,1.2381,COV,Rushworth,Regular Starter,4.5,3.11,1.375,9.5,-0.2705,3.0263,3.1053,2.5526,13.0,0.5149,0.4737,18,47.4,238.17,237.84,0.34,8.76,True,63.25,5.973
full_season,1,38,AVL,Martinez,Nailed Starter,5.0,3.0159,1.2381,FUL,Leno,Nailed Starter,4.5,2.5789,1.3421,9.5,-0.3007,3.0263,3.0789,2.5263,13.25,0.5062,0.5,19,50.0,237.85,235.94,1.91,8.44,False,63.46,5.965
full_season,1,38,AVL,Martinez,Nailed Starter,5.0,3.0159,1.2381,TOT,Kinsky,Regular Starter,4.5,3.15,1.5,9.5,0.2533,3.0263,3.0526,2.6579,12.32,0.5341,0.3684,17,44.7,234.75,233.83,0.92,5.33,False,61.34,5.883
full_season,1,38,AVL,Martinez,Nailed Starter,5.0,3.0159,1.2381,IPS,Scherpen,Regular Starter,4.5,1.9,1.375,9.5,0.0341,3.0263,3.1053,2.6053,12.53,0.5171,0.4211,18,47.4,230.99,226.74,4.25,1.58,True,60.84,5.784
full_season,1,38,AVL,Martinez,Nailed Starter,5.0,3.0159,1.2381,HUL,Tzolakis,Regular Starter,4.5,1.72,1.375,9.5,0.0721,3.0263,3.1053,2.6579,12.46,0.5174,0.3684,17,44.7,231.74,229.35,2.39,2.33,True,60.79,5.804
full_season,1,38,BOU,Petrović,Nailed Starter,4.5,2.8684,1.4211,BRE,Kelleher,Nailed Starter,5.0,2.9459,1.3243,9.5,-0.1472,3.0526,3.0526,2.5526,12.33,0.5368,0.5,20,52.6,233.47,231.76,1.7,11.81,False,61.43,5.85
full_season,1,38,BOU,Petrović,Nailed Starter,4.5,2.8684,1.4211,BHA,Verbruggen,Nailed Starter,4.5,2.7895,1.2105,9.0,0.2138,3.0526,3.0789,2.6579,12.7,0.5199,0.3947,19,50.0,233.24,229.16,4.07,9.39,False,66.18,5.991
full_season,1,38,BOU,Petrović,Nailed Starter,4.5,2.8684,1.4211,COV,Rushworth,Regular Starter,4.5,3.11,1.375,9.0,0.1793,3.0526,3.1053,2.6842,11.45,0.5546,0.3684,17,44.7,225.69,224.31,1.38,9.52,True,63.14,5.792
full_season,1,38,BOU,Petrović,Nailed Starter,4.5,2.8684,1.4211,CHE,Sánchez,Nailed Starter,5.0,2.9013,1.4507,9.5,0.0,3.0526,3.0,2.5263,11.84,0.5564,0.4737,21,55.3,227.92,227.87,0.05,11.88,False,59.55,5.703
full_season,1,38,BOU,Petrović,Nailed Starter,4.5,2.8684,1.4211,CRY,Henderson,Nailed Starter,5.0,2.8649,1.3784,9.5,-0.0038,3.0526,3.0526,2.5526,12.04,0.5483,0.5,19,50.0,228.88,227.39,1.49,12.07,False,59.86,5.729
full_season,1,38,BOU,Petrović,Nailed Starter,4.5,2.8684,1.4211,FUL,Leno,Nailed Starter,4.5,2.5789,1.3421,9.0,0.104,3.0526,3.0789,2.6316,11.75,0.5454,0.4211,18,47.4,226.14,225.49,0.65,12.08,False,63.72,5.804
full_season,1,38,BOU,Petrović,Nailed Starter,4.5,2.8684,1.4211,LEE,Trafford,Nailed Starter,5.0,3.45,1.4737,9.5,0.2504,3.0526,3.0789,2.6842,10.84,0.5701,0.3684,16,42.1,227.78,224.81,2.96,9.68,False,58.45,5.7
full_season,1,38,BOU,Petrović,Nailed Starter,4.5,2.8684,1.4211,MUN,Lammens,Nailed Starter,5.0,2.4688,1.2188,9.5,-0.2971,3.0526,3.0,2.4737,13.33,0.5107,0.5263,20,52.6,234.14,232.38,1.76,10.83,False,62.55,5.867
full_season,1,38,BOU,Petrović,Nailed Starter,4.5,2.8684,1.4211,NEW,Pope,Regular Starter,5.0,3.3154,1.4156,9.5,-0.0424,3.0526,3.0789,2.6053,11.55,0.5575,0.4474,18,47.4,224.83,223.94,0.89,10.77,False,58.23,5.622
full_season,1,38,BOU,Petrović,Nailed Starter,4.5,2.8684,1.4211,NFO,Sels,Nailed Starter,5.0,3.2058,1.3161,9.5,-0.3623,3.0526,3.0526,2.4737,12.54,0.5336,0.5789,20,52.6,236.03,234.72,1.32,10.11,False,62.64,5.917
full_season,1,38,BOU,Petrović,Nailed Starter,4.5,2.8684,1.4211,TOT,Kinsky,Regular Starter,4.5,3.15,1.5,9.0,0.0679,3.0526,3.0526,2.6842,10.87,0.5698,0.3684,18,47.4,224.46,223.82,0.64,10.37,False,62.48,5.76
full_season,1,38,BOU,Petrović,Nailed Starter,4.5,2.8684,1.4211,SUN,Roefs,Nailed Starter,5.0,3.1143,1.3143,9.5,-0.1522,3.0526,3.0789,2.5526,12.26,0.5378,0.5,19,50.0,233.62,231.3,2.31,11.17,False,61.46,5.853
full_season,1,38,BOU,Petrović,Nailed Starter,4.5,2.8684,1.4211,IPS,Scherpen,Regular Starter,4.5,1.9,1.375,9.0,-0.1576,3.0526,3.1053,2.6053,11.18,0.5531,0.4474,16,42.1,219.99,216.04,3.95,5.93,True,61.9,5.642
full_season,1,38,BOU,Petrović,Nailed Starter,4.5,2.8684,1.4211,NEW,Horníček,Regular Starter,5.0,2.25,1.4474,9.5,-0.0424,3.0526,3.0789,2.6053,11.16,0.5629,0.4474,18,47.4,217.49,213.76,3.72,3.43,False,55.98,5.429
full_season,1,38,BOU,Petrović,Nailed Starter,4.5,2.8684,1.4211,HUL,Tzolakis,Regular Starter,4.5,1.72,1.375,9.0,-0.1951,3.0526,3.1053,2.5526,11.61,0.5516,0.5,19,50.0,219.26,218.16,1.09,5.2,True,61.98,5.623
full_season,1,38,BRE,Kelleher,Nailed Starter,5.0,2.9459,1.3243,BHA,Verbruggen,Nailed Starter,4.5,2.7895,1.2105,9.5,0.0674,3.0526,3.0789,2.5789,13.31,0.5026,0.4737,18,47.4,235.43,234.49,0.94,11.58,False,62.56,5.901
full_season,1,38,BRE,Kelleher,Nailed Starter,5.0,2.9459,1.3243,COV,Rushworth,Regular Starter,4.5,3.11,1.375,9.5,-0.1951,3.0526,3.1053,2.5789,12.21,0.5343,0.4737,18,47.4,232.21,231.85,0.36,10.54,True,60.98,5.816
full_season,1,38,BRE,Kelleher,Nailed Starter,5.0,2.9459,1.3243,FUL,Leno,Nailed Starter,4.5,2.5789,1.3421,9.5,-0.0058,3.0526,3.0789,2.6053,12.37,0.5279,0.4474,17,44.7,230.33,229.35,0.99,8.67,False,60.43,5.767
full_season,1,38,BRE,Kelleher,Nailed Starter,5.0,2.9459,1.3243,TOT,Kinsky,Regular Starter,4.5,3.15,1.5,9.5,0.1038,3.0526,3.0526,2.6316,11.85,0.5513,0.4211,19,50.0,230.29,229.32,0.97,8.63,False,59.82,5.766
full_season,1,38,BRE,Kelleher,Nailed Starter,5.0,2.9459,1.3243,IPS,Scherpen,Regular Starter,4.5,1.9,1.375,9.5,-0.2325,3.0526,3.1053,2.5526,12.46,0.5334,0.5,20,52.6,228.24,225.66,2.58,6.57,True,59.97,5.712
full_season,1,38,BRE,Kelleher,Nailed Starter,5.0,2.9459,1.3243,HUL,Tzolakis,Regular Starter,4.5,1.72,1.375,9.5,-0.1951,3.0526,3.1053,2.5263,12.14,0.5346,0.5263,18,47.4,224.45,221.8,2.65,2.79,True,58.97,5.612
full_season,1,38,BHA,Verbruggen,Nailed Starter,4.5,2.7895,1.2105,COV,Rushworth,Regular Starter,4.5,3.11,1.375,9.0,-0.1649,3.0789,3.1053,2.6053,13.01,0.5145,0.4737,18,47.4,234.83,233.67,1.16,10.98,True,67.01,6.033
full_season,1,38,BHA,Verbruggen,Nailed Starter,4.5,2.7895,1.2105,CHE,Sánchez,Nailed Starter,5.0,2.9013,1.4507,9.5,-0.0379,3.0789,3.0,2.5789,12.61,0.5198,0.4211,17,44.7,232.29,230.74,1.55,8.44,False,61.3,5.818
full_season,1,38,BHA,Verbruggen,Nailed Starter,4.5,2.7895,1.2105,CRY,Henderson,Nailed Starter,5.0,2.8649,1.3784,9.5,0.1406,3.0789,3.0526,2.6579,12.69,0.5136,0.3947,15,39.5,231.99,230.23,1.77,8.14,False,60.94,5.811
full_season,1,38,BHA,Verbruggen,Nailed Starter,4.5,2.7895,1.2105,FUL,Leno,Nailed Starter,4.5,2.5789,1.3421,9.0,-0.0088,3.0789,3.0789,2.6316,13.05,0.5072,0.4474,18,47.4,230.59,230.03,0.56,6.74,False,65.79,5.921
full_season,1,38,BHA,Verbruggen,Nailed Starter,4.5,2.7895,1.2105,LEE,Trafford,Nailed Starter,5.0,3.45,1.4737,9.5,0.0659,3.0789,3.0789,2.6053,12.44,0.5305,0.4737,16,42.1,234.23,233.42,0.81,10.38,False,61.52,5.87
full_season,1,38,BHA,Verbruggen,Nailed Starter,4.5,2.7895,1.2105,MUN,Lammens,Nailed Starter,5.0,2.4688,1.2188,9.5,-0.417,3.0789,3.0,2.5,14.1,0.474,0.5,21,55.3,238.63,237.53,1.09,14.77,False,64.46,5.985
full_season,1,38,BHA,Verbruggen,Nailed Starter,4.5,2.7895,1.2105,NEW,Pope,Regular Starter,5.0,3.3154,1.4156,9.5,0.1032,3.0789,3.0789,2.6316,12.73,0.5208,0.4474,18,47.4,231.12,229.3,1.82,7.27,False,60.67,5.788
full_season,1,38,BHA,Verbruggen,Nailed Starter,4.5,2.7895,1.2105,NFO,Sels,Nailed Starter,5.0,3.2058,1.3161,9.5,-0.1888,3.0789,3.0526,2.5263,13.53,0.4984,0.5263,20,52.6,240.06,238.8,1.26,14.14,False,64.26,6.023
full_season,1,38,BHA,Verbruggen,Nailed Starter,4.5,2.7895,1.2105,TOT,Kinsky,Regular Starter,4.5,3.15,1.5,9.0,0.1772,3.0789,3.0526,2.6316,12.48,0.5315,0.4211,19,50.0,232.34,231.12,1.22,8.49,False,65.81,5.967
full_season,1,38,BHA,Verbruggen,Nailed Starter,4.5,2.7895,1.2105,SUN,Roefs,Nailed Starter,5.0,3.1143,1.3143,9.5,-0.3451,3.0789,3.0789,2.5263,13.55,0.4988,0.5526,20,52.6,238.23,237.7,0.53,14.38,False,63.72,5.975
full_season,1,38,BHA,Verbruggen,Nailed Starter,4.5,2.7895,1.2105,IPS,Scherpen,Regular Starter,4.5,1.9,1.375,9.0,0.0644,3.0789,3.1053,2.6316,12.68,0.5163,0.4474,18,47.4,227.66,223.86,3.79,3.81,True,64.75,5.844
full_season,1,38,BHA,Verbruggen,Nailed Starter,4.5,2.7895,1.2105,NEW,Horníček,Regular Starter,5.0,2.25,1.4474,9.5,0.1032,3.0789,3.0789,2.6316,12.2,0.5259,0.4474,18,47.4,225.42,218.27,7.15,1.57,False,58.9,5.638
full_season,1,38,BHA,Verbruggen,Nailed Starter,4.5,2.7895,1.2105,HUL,Tzolakis,Regular Starter,4.5,1.72,1.375,9.0,-0.4325,3.0789,3.1053,2.5526,13.13,0.5123,0.5263,18,47.4,229.31,224.61,4.71,5.46,True,65.71,5.887
full_season,1,38,COV,Rushworth,Regular Starter,4.5,3.11,1.375,CHE,Sánchez,Nailed Starter,5.0,2.9013,1.4507,9.5,0.1939,3.1053,3.0,2.6842,11.37,0.5557,0.3158,18,47.4,227.39,225.83,1.56,11.23,True,58.62,5.69
full_season,1,38,COV,Rushworth,Regular Starter,4.5,3.11,1.375,CRY,Henderson,Nailed Starter,5.0,2.8649,1.3784,9.5,0.067,3.1053,3.0526,2.6579,11.54,0.5466,0.3947,17,44.7,227.83,227.16,0.67,11.02,True,59.06,5.701
full_season,1,38,COV,Rushworth,Regular Starter,4.5,3.11,1.375,FUL,Leno,Nailed Starter,4.5,2.5789,1.3421,9.0,0.1026,3.1053,3.0789,2.6316,11.72,0.5434,0.4474,16,42.1,226.66,225.67,0.99,10.5,True,63.92,5.818
full_season,1,38,COV,Rushworth,Regular Starter,4.5,3.11,1.375,LEE,Trafford,Nailed Starter,5.0,3.45,1.4737,9.5,-0.2032,3.1053,3.0789,2.6053,11.41,0.5638,0.4737,17,44.7,230.29,230.25,0.04,12.19,True,59.7,5.766
full_season,1,38,COV,Rushworth,Regular Starter,4.5,3.11,1.375,MUN,Lammens,Nailed Starter,5.0,2.4688,1.2188,9.5,-0.1939,3.1053,3.0,2.5526,13.03,0.5098,0.4474,17,44.7,233.11,231.33,1.79,9.8,True,61.87,5.84
full_season,1,38,COV,Rushworth,Regular Starter,4.5,3.11,1.375,NEW,Pope,Regular Starter,5.0,3.3154,1.4156,9.5,0.1408,3.1053,3.0789,2.6842,11.49,0.5563,0.3947,17,44.7,226.09,225.16,0.93,9.93,True,58.23,5.655
full_season,1,38,COV,Rushworth,Regular Starter,4.5,3.11,1.375,NFO,Sels,Nailed Starter,5.0,3.2058,1.3161,9.5,-0.2325,3.1053,3.0526,2.5789,12.4,0.5328,0.4737,17,44.7,234.81,233.46,1.35,8.89,True,61.77,5.885
full_season,1,38,COV,Rushworth,Regular Starter,4.5,3.11,1.375,TOT,Kinsky,Regular Starter,4.5,3.15,1.5,9.0,0.2167,3.1053,3.0526,2.6579,11.3,0.5682,0.3947,17,44.7,227.47,227.25,0.23,11.31,True,63.52,5.839
full_season,1,38,COV,Rushworth,Regular Starter,4.5,3.11,1.375,SUN,Roefs,Nailed Starter,5.0,3.1143,1.3143,9.5,-0.1649,3.1053,3.0789,2.6316,12.14,0.5363,0.4474,15,39.5,231.62,229.4,2.22,9.18,True,60.51,5.801
full_season,1,38,COV,Rushworth,Regular Starter,4.5,3.11,1.375,IPS,Scherpen,Regular Starter,4.5,1.9,1.375,9.0,0.1399,3.1053,3.1053,2.7368,11.05,0.5525,0.3684,14,36.8,220.96,217.53,3.43,4.8,True,61.54,5.668
full_season,1,38,COV,Rushworth,Regular Starter,4.5,3.11,1.375,NEW,Horníček,Regular Starter,5.0,2.25,1.4474,9.5,0.1408,3.1053,3.0789,2.6842,10.67,0.5617,0.3947,17,44.7,217.95,214.23,3.72,1.79,True,55.74,5.441
full_season,1,38,COV,Rushworth,Regular Starter,4.5,3.11,1.375,HUL,Tzolakis,Regular Starter,4.5,1.72,1.375,9.0,0.2181,3.1053,3.1053,2.7105,11.14,0.5531,0.3947,15,39.5,218.82,217.18,1.64,2.65,True,61.03,5.611
full_season,1,38,CHE,Sánchez,Nailed Starter,5.0,2.9013,1.4507,FUL,Leno,Nailed Starter,4.5,2.5789,1.3421,9.5,-0.2275,3.0,3.0789,2.5263,12.12,0.5439,0.4737,20,52.6,228.0,227.89,0.1,11.95,False,59.82,5.706
full_season,1,38,CHE,Sánchez,Nailed Starter,5.0,2.9013,1.4507,TOT,Kinsky,Regular Starter,4.5,3.15,1.5,9.5,0.0743,3.0,3.0526,2.6053,11.1,0.5715,0.3947,18,47.4,227.64,227.38,0.26,11.6,False,58.77,5.696
full_season,1,38,CHE,Sánchez,Nailed Starter,5.0,2.9013,1.4507,IPS,Scherpen,Regular Starter,4.5,1.9,1.375,9.5,-0.2714,3.0,3.1053,2.5263,11.69,0.5522,0.4737,20,52.6,223.57,221.82,1.75,7.53,True,58.36,5.589
full_season,1,38,CHE,Sánchez,Nailed Starter,5.0,2.9013,1.4507,HUL,Tzolakis,Regular Starter,4.5,1.72,1.375,9.5,-0.0776,3.0,3.1053,2.6053,11.05,0.5545,0.3947,17,44.7,220.85,218.95,1.9,4.8,True,57.13,5.517
full_season,1,38,CRY,Henderson,Nailed Starter,5.0,2.8649,1.3784,FUL,Leno,Nailed Starter,4.5,2.5789,1.3421,9.5,-0.262,3.0526,3.0789,2.5263,12.27,0.5354,0.5263,18,47.4,228.88,227.94,0.94,12.07,False,60.25,5.729
full_season,1,38,CRY,Henderson,Nailed Starter,5.0,2.8649,1.3784,TOT,Kinsky,Regular Starter,4.5,3.15,1.5,9.5,-0.1113,3.0526,3.0526,2.5526,11.64,0.5608,0.5,18,47.4,227.72,227.29,0.43,10.92,False,59.27,5.698
full_season,1,38,CRY,Henderson,Nailed Starter,5.0,2.8649,1.3784,IPS,Scherpen,Regular Starter,4.5,1.9,1.375,9.5,-0.0828,3.0526,3.1053,2.5526,11.91,0.5449,0.5,19,50.0,222.63,221.44,1.19,5.82,True,58.1,5.564
full_season,1,38,CRY,Henderson,Nailed Starter,5.0,2.8649,1.3784,HUL,Tzolakis,Regular Starter,4.5,1.72,1.375,9.5,-0.0079,3.0526,3.1053,2.6316,11.81,0.546,0.4211,17,44.7,221.99,219.6,2.38,5.18,True,57.5,5.547
full_season,1,38,FUL,Leno,Nailed Starter,4.5,2.5789,1.3421,LEE,Trafford,Nailed Starter,5.0,3.45,1.4737,9.5,-0.1957,3.0789,3.0789,2.5263,11.54,0.5542,0.5526,19,50.0,230.54,228.95,1.59,12.44,False,60.36,5.772
full_season,1,38,FUL,Leno,Nailed Starter,4.5,2.5789,1.3421,MUN,Lammens,Nailed Starter,5.0,2.4688,1.2188,9.5,0.1516,3.0789,3.0,2.6316,12.95,0.5035,0.3684,19,50.0,231.11,228.06,3.05,7.8,False,61.01,5.787
full_season,1,38,FUL,Leno,Nailed Starter,4.5,2.5789,1.3421,NEW,Pope,Regular Starter,5.0,3.3154,1.4156,9.5,0.178,3.0789,3.0789,2.6579,11.79,0.5471,0.4211,18,47.4,222.73,221.81,0.92,10.71,False,57.56,5.567
full_season,1,38,FUL,Leno,Nailed Starter,4.5,2.5789,1.3421,NFO,Sels,Nailed Starter,5.0,3.2058,1.3161,9.5,-0.1522,3.0789,3.0526,2.5526,12.63,0.5243,0.5,19,50.0,234.37,231.26,3.1,8.45,False,61.95,5.873
full_season,1,38,FUL,Leno,Nailed Starter,4.5,2.5789,1.3421,TOT,Kinsky,Regular Starter,4.5,3.15,1.5,9.0,-0.2254,3.0789,3.0526,2.5263,11.82,0.5556,0.5263,19,50.0,227.31,227.17,0.15,13.22,False,64.39,5.835
full_season,1,38,FUL,Leno,Nailed Starter,4.5,2.5789,1.3421,SUN,Roefs,Nailed Starter,5.0,3.1143,1.3143,9.5,0.2527,3.0789,3.0789,2.6842,11.92,0.5298,0.3947,18,47.4,229.93,227.57,2.36,7.49,False,59.88,5.756
full_season,1,38,FUL,Leno,Nailed Starter,4.5,2.5789,1.3421,IPS,Scherpen,Regular Starter,4.5,1.9,1.375,9.0,-0.0503,3.0789,3.1053,2.6053,11.8,0.5419,0.4737,17,44.7,218.72,217.36,1.36,6.7,True,61.76,5.609
full_season,1,38,FUL,Leno,Nailed Starter,4.5,2.5789,1.3421,NEW,Horníček,Regular Starter,5.0,2.25,1.4474,9.5,0.178,3.0789,3.0789,2.6579,11.37,0.5524,0.4211,18,47.4,214.22,212.24,1.98,2.2,False,54.97,5.343
full_season,1,38,FUL,Leno,Nailed Starter,4.5,2.5789,1.3421,HUL,Tzolakis,Regular Starter,4.5,1.72,1.375,9.0,-0.0503,3.0789,3.1053,2.6842,11.79,0.5416,0.3947,17,44.7,218.79,217.03,1.76,6.77,True,61.39,5.61
full_season,1,38,LEE,Trafford,Nailed Starter,5.0,3.45,1.4737,TOT,Kinsky,Regular Starter,4.5,3.15,1.5,9.5,-0.262,3.0789,3.0526,2.5526,11.2,0.5787,0.5,19,50.0,230.4,229.57,0.83,12.3,False,59.7,5.769
full_season,1,38,LEE,Trafford,Nailed Starter,5.0,3.45,1.4737,IPS,Scherpen,Regular Starter,4.5,1.9,1.375,9.5,-0.2414,3.0789,3.1053,2.5789,11.09,0.563,0.5,18,47.4,224.84,221.6,3.24,6.74,True,58.25,5.622
full_season,1,38,LEE,Trafford,Nailed Starter,5.0,3.45,1.4737,HUL,Tzolakis,Regular Starter,4.5,1.72,1.375,9.5,-0.2032,3.0789,3.1053,2.5526,11.23,0.5635,0.5263,18,47.4,223.62,220.6,3.02,5.52,True,58.02,5.59
full_season,1,38,MUN,Lammens,Nailed Starter,5.0,2.4688,1.2188,TOT,Kinsky,Regular Starter,4.5,3.15,1.5,9.5,-0.0743,3.0,3.0526,2.5526,12.8,0.5247,0.4474,19,50.0,233.7,233.0,0.7,10.39,False,61.74,5.856
full_season,1,38,MUN,Lammens,Nailed Starter,5.0,2.4688,1.2188,IPS,Scherpen,Regular Starter,4.5,1.9,1.375,9.5,-0.1939,3.0,3.1053,2.5526,13.07,0.5097,0.4474,17,44.7,227.81,225.72,2.1,4.5,True,60.32,5.701
full_season,1,38,MUN,Lammens,Nailed Starter,5.0,2.4688,1.2188,HUL,Tzolakis,Regular Starter,4.5,1.72,1.375,9.5,0.3878,3.0,3.1053,2.7895,12.45,0.5143,0.2105,14,36.8,224.89,220.98,3.91,1.57,True,58.19,5.624
full_season,1,38,NEW,Pope,Regular Starter,5.0,3.3154,1.4156,TOT,Kinsky,Regular Starter,4.5,3.15,1.5,9.5,-0.0058,3.0789,3.0526,2.6053,10.81,0.5712,0.4474,17,44.7,223.3,221.39,1.91,9.21,False,57.51,5.582
full_season,1,38,NEW,Pope,Regular Starter,5.0,3.3154,1.4156,IPS,Scherpen,Regular Starter,4.5,1.9,1.375,9.5,0.0644,3.0789,3.1053,2.6579,11.36,0.5556,0.4211,17,44.7,215.21,213.31,1.9,8.65,True,55.19,5.369
full_season,1,38,NEW,Pope,Regular Starter,5.0,3.3154,1.4156,HUL,Tzolakis,Regular Starter,4.5,1.72,1.375,9.5,-0.0503,3.0789,3.1053,2.6316,11.63,0.5546,0.4474,18,47.4,217.19,215.39,1.81,10.63,True,55.92,5.421
full_season,1,38,NFO,Sels,Nailed Starter,5.0,3.2058,1.3161,TOT,Kinsky,Regular Starter,4.5,3.15,1.5,9.5,-0.3981,3.0526,3.0526,2.4737,12.39,0.5462,0.5789,20,52.6,236.47,234.5,1.97,10.55,False,62.52,5.928
full_season,1,38,NFO,Sels,Nailed Starter,5.0,3.2058,1.3161,IPS,Scherpen,Regular Starter,4.5,1.9,1.375,9.5,0.329,3.0526,3.1053,2.7105,11.44,0.5372,0.3421,17,44.7,227.36,226.53,0.84,1.44,True,58.85,5.689
full_season,1,38,NFO,Sels,Nailed Starter,5.0,3.2058,1.3161,HUL,Tzolakis,Regular Starter,4.5,1.72,1.375,9.5,0.1044,3.0526,3.1053,2.6316,12.05,0.5347,0.4211,19,50.0,228.54,224.28,4.26,2.62,True,59.64,5.72
full_season,1,38,TOT,Kinsky,Regular Starter,4.5,3.15,1.5,SUN,Roefs,Nailed Starter,5.0,3.1143,1.3143,9.5,-0.3352,3.0526,3.0789,2.5,12.26,0.5491,0.5526,20,52.6,234.09,231.81,2.28,11.64,False,61.63,5.866
full_season,1,38,TOT,Kinsky,Regular Starter,4.5,3.15,1.5,IPS,Scherpen,Regular Starter,4.5,1.9,1.375,9.0,-0.1202,3.0526,3.1053,2.6053,11.14,0.5652,0.4474,18,47.4,220.58,218.1,2.48,6.49,True,61.83,5.658
full_season,1,38,TOT,Kinsky,Regular Starter,4.5,3.15,1.5,NEW,Horníček,Regular Starter,5.0,2.25,1.4474,9.5,-0.0058,3.0526,3.0789,2.6053,10.29,0.5768,0.4474,17,44.7,216.73,212.69,4.04,2.64,False,55.48,5.409
full_season,1,38,TOT,Kinsky,Regular Starter,4.5,3.15,1.5,HUL,Tzolakis,Regular Starter,4.5,1.72,1.375,9.0,0.1419,3.0526,3.1053,2.6316,10.99,0.5683,0.4211,16,42.1,219.72,218.85,0.88,5.63,True,61.39,5.635
full_season,1,38,SUN,Roefs,Nailed Starter,5.0,3.1143,1.3143,IPS,Scherpen,Regular Starter,4.5,1.9,1.375,9.5,-0.0121,3.0789,3.1053,2.6579,11.62,0.5379,0.4211,14,36.8,224.5,222.15,2.35,2.06,True,58.26,5.613
full_season,1,38,SUN,Roefs,Nailed Starter,5.0,3.1143,1.3143,HUL,Tzolakis,Regular Starter,4.5,1.72,1.375,9.5,0.179,3.0789,3.1053,2.7105,11.46,0.5386,0.3684,15,39.5,224.61,219.53,5.09,2.17,True,58.02,5.616
full_season,1,38,IPS,Scherpen,Regular Starter,4.5,1.9,1.375,NEW,Horníček,Regular Starter,5.0,2.25,1.4474,9.5,0.0644,3.1053,3.0789,2.6579,11.25,0.5611,0.4211,17,44.7,202.73,200.93,1.8,5.26,True,51.43,5.041
full_season,1,38,IPS,Scherpen,Regular Starter,4.5,1.9,1.375,HUL,Tzolakis,Regular Starter,4.5,1.72,1.375,9.0,-0.1337,3.1053,3.1053,2.6316,11.59,0.5501,0.4737,16,42.1,209.43,207.99,1.45,11.97,True,58.74,5.364
full_season,1,38,NEW,Horníček,Regular Starter,5.0,2.25,1.4474,HUL,Tzolakis,Regular Starter,4.5,1.72,1.375,9.5,-0.0503,3.0789,3.1053,2.6316,11.58,0.56,0.4474,18,47.4,202.91,198.75,4.16,8.0,True,51.64,5.045
