path,gw,chip,formation,captain,player_id,web_name,club_short,position,cost,xp,is_captain,xi_xp,week_xp,published_week_xp,bench
WC4,1,BB,BB-15,Haaland,384,Donnarumma,MCI,GKP,5.5,3.75,False,71.79,79.24,79.24,
WC4,1,BB,BB-15,Haaland,109,Verbruggen,BHA,GKP,4.5,3.63,False,71.79,79.24,79.24,
WC4,1,BB,BB-15,Haaland,4,Gabriel,ARS,DEF,8.0,5.42,False,71.79,79.24,79.24,
WC4,1,BB,BB-15,Haaland,504,Vuskovic,BHA,DEF,5.0,5.24,False,71.79,79.24,79.24,
WC4,1,BB,BB-15,Haaland,8,Calafiori,ARS,DEF,5.5,5.06,False,71.79,79.24,79.24,
WC4,1,BB,BB-15,Haaland,130,Wieffer,BHA,DEF,5.0,4.73,False,71.79,79.24,79.24,
WC4,1,BB,BB-15,Haaland,388,Guéhi,MCI,DEF,6.0,4.64,False,71.79,79.24,79.24,
WC4,1,BB,BB-15,Haaland,557,Tzolis,ARS,MID,6.5,4.99,False,71.79,79.24,79.24,
WC4,1,BB,BB-15,Haaland,68,Tavernier,BOU,MID,6.0,4.53,False,71.79,79.24,79.24,
WC4,1,BB,BB-15,Haaland,94,Schade,BRE,MID,6.0,4.46,False,71.79,79.24,79.24,
WC4,1,BB,BB-15,Haaland,69,Scott,BOU,MID,6.0,4.23,False,71.79,79.24,79.24,
WC4,1,BB,BB-15,Haaland,562,Maeda,IPS,MID,5.5,3.92,False,71.79,79.24,79.24,
WC4,1,BB,BB-15,Haaland,411,Haaland,MCI,FWD,15.5,7.45,True,71.79,79.24,79.24,
WC4,1,BB,BB-15,Haaland,379,Isak,LIV,FWD,9.0,5.86,False,71.79,79.24,79.24,
WC4,1,BB,BB-15,Haaland,346,Calvert-Lewin,LEE,FWD,6.0,3.88,False,71.79,79.24,79.24,
WC4,2,,5-3-2,Haaland,384,Donnarumma,MCI,GKP,5.5,3.86,False,54.91,61.76,61.76,"Calvert-Lewin, Verbruggen, Maeda, Scott"
WC4,2,,5-3-2,Haaland,4,Gabriel,ARS,DEF,8.0,5.51,False,54.91,61.76,61.76,"Calvert-Lewin, Verbruggen, Maeda, Scott"
WC4,2,,5-3-2,Haaland,504,Vuskovic,BHA,DEF,5.0,5.4,False,54.91,61.76,61.76,"Calvert-Lewin, Verbruggen, Maeda, Scott"
WC4,2,,5-3-2,Haaland,8,Calafiori,ARS,DEF,5.5,5.17,False,54.91,61.76,61.76,"Calvert-Lewin, Verbruggen, Maeda, Scott"
WC4,2,,5-3-2,Haaland,130,Wieffer,BHA,DEF,5.0,4.74,False,54.91,61.76,61.76,"Calvert-Lewin, Verbruggen, Maeda, Scott"
WC4,2,,5-3-2,Haaland,388,Guéhi,MCI,DEF,6.0,4.59,False,54.91,61.76,61.76,"Calvert-Lewin, Verbruggen, Maeda, Scott"
WC4,2,,5-3-2,Haaland,557,Tzolis,ARS,MID,6.5,5.31,False,54.91,61.76,61.76,"Calvert-Lewin, Verbruggen, Maeda, Scott"
WC4,2,,5-3-2,Haaland,68,Tavernier,BOU,MID,6.0,4.12,False,54.91,61.76,61.76,"Calvert-Lewin, Verbruggen, Maeda, Scott"
WC4,2,,5-3-2,Haaland,94,Schade,BRE,MID,6.0,3.86,False,54.91,61.76,61.76,"Calvert-Lewin, Verbruggen, Maeda, Scott"
WC4,2,,5-3-2,Haaland,411,Haaland,MCI,FWD,15.5,6.85,True,54.91,61.76,61.76,"Calvert-Lewin, Verbruggen, Maeda, Scott"
WC4,2,,5-3-2,Haaland,379,Isak,LIV,FWD,9.0,5.5,False,54.91,61.76,61.76,"Calvert-Lewin, Verbruggen, Maeda, Scott"
WC4,3,,5-3-2,Haaland,384,Donnarumma,MCI,GKP,5.5,4.07,False,54.7,60.65,60.65,"Calvert-Lewin, Verbruggen, Maeda, Tzolis"
WC4,3,,5-3-2,Haaland,504,Vuskovic,BHA,DEF,5.0,5.28,False,54.7,60.65,60.65,"Calvert-Lewin, Verbruggen, Maeda, Tzolis"
WC4,3,,5-3-2,Haaland,4,Gabriel,ARS,DEF,8.0,5.16,False,54.7,60.65,60.65,"Calvert-Lewin, Verbruggen, Maeda, Tzolis"
WC4,3,,5-3-2,Haaland,8,Calafiori,ARS,DEF,5.5,4.76,False,54.7,60.65,60.65,"Calvert-Lewin, Verbruggen, Maeda, Tzolis"
WC4,3,,5-3-2,Haaland,130,Wieffer,BHA,DEF,5.0,4.73,False,54.7,60.65,60.65,"Calvert-Lewin, Verbruggen, Maeda, Tzolis"
WC4,3,,5-3-2,Haaland,388,Guéhi,MCI,DEF,6.0,4.55,False,54.7,60.65,60.65,"Calvert-Lewin, Verbruggen, Maeda, Tzolis"
WC4,3,,5-3-2,Haaland,68,Tavernier,BOU,MID,6.0,5.49,False,54.7,60.65,60.65,"Calvert-Lewin, Verbruggen, Maeda, Tzolis"
WC4,3,,5-3-2,Haaland,94,Schade,BRE,MID,6.0,4.85,False,54.7,60.65,60.65,"Calvert-Lewin, Verbruggen, Maeda, Tzolis"
WC4,3,,5-3-2,Haaland,69,Scott,BOU,MID,6.0,4.68,False,54.7,60.65,60.65,"Calvert-Lewin, Verbruggen, Maeda, Tzolis"
WC4,3,,5-3-2,Haaland,411,Haaland,MCI,FWD,15.5,5.95,True,54.7,60.65,60.65,"Calvert-Lewin, Verbruggen, Maeda, Tzolis"
WC4,3,,5-3-2,Haaland,379,Isak,LIV,FWD,9.0,5.18,False,54.7,60.65,60.65,"Calvert-Lewin, Verbruggen, Maeda, Tzolis"
WC4,4,WC,5-3-2,Haaland,384,Donnarumma,MCI,GKP,5.5,3.77,False,54.83,60.76,60.76,"Walle Egeli, Tzolakis, Crooks, Slater"
WC4,4,WC,5-3-2,Haaland,4,Gabriel,ARS,DEF,8.0,5.59,False,54.83,60.76,60.76,"Walle Egeli, Tzolakis, Crooks, Slater"
WC4,4,WC,5-3-2,Haaland,504,Vuskovic,BHA,DEF,5.0,5.41,False,54.83,60.76,60.76,"Walle Egeli, Tzolakis, Crooks, Slater"
WC4,4,WC,5-3-2,Haaland,8,Calafiori,ARS,DEF,5.5,5.19,False,54.83,60.76,60.76,"Walle Egeli, Tzolakis, Crooks, Slater"
WC4,4,WC,5-3-2,Haaland,130,Wieffer,BHA,DEF,5.0,4.81,False,54.83,60.76,60.76,"Walle Egeli, Tzolakis, Crooks, Slater"
WC4,4,WC,5-3-2,Haaland,388,Guéhi,MCI,DEF,6.0,4.42,False,54.83,60.76,60.76,"Walle Egeli, Tzolakis, Crooks, Slater"
WC4,4,WC,5-3-2,Haaland,557,Tzolis,ARS,MID,6.5,5.11,False,54.83,60.76,60.76,"Walle Egeli, Tzolakis, Crooks, Slater"
WC4,4,WC,5-3-2,Haaland,154,Palmer,CHE,MID,9.5,4.88,False,54.83,60.76,60.76,"Walle Egeli, Tzolakis, Crooks, Slater"
WC4,4,WC,5-3-2,Haaland,208,Sarr,CRY,MID,6.5,4.47,False,54.83,60.76,60.76,"Walle Egeli, Tzolakis, Crooks, Slater"
WC4,4,WC,5-3-2,Haaland,411,Haaland,MCI,FWD,15.5,5.93,True,54.83,60.76,60.76,"Walle Egeli, Tzolakis, Crooks, Slater"
WC4,4,WC,5-3-2,Haaland,379,Isak,LIV,FWD,9.0,5.25,False,54.83,60.76,60.76,"Walle Egeli, Tzolakis, Crooks, Slater"
WC4,5,,5-3-2,Haaland,384,Donnarumma,MCI,GKP,5.5,4.31,False,52.89,59.24,58.63,"Walle Egeli, Tzolakis, Crooks, Slater"
WC4,5,,5-3-2,Haaland,4,Gabriel,ARS,DEF,8.0,5.37,False,52.89,59.24,58.63,"Walle Egeli, Tzolakis, Crooks, Slater"
WC4,5,,5-3-2,Haaland,8,Calafiori,ARS,DEF,5.5,5.01,False,52.89,59.24,58.63,"Walle Egeli, Tzolakis, Crooks, Slater"
WC4,5,,5-3-2,Haaland,388,Guéhi,MCI,DEF,6.0,4.83,False,52.89,59.24,58.63,"Walle Egeli, Tzolakis, Crooks, Slater"
WC4,5,,5-3-2,Haaland,504,Vuskovic,BHA,DEF,5.0,4.46,False,52.89,59.24,58.63,"Walle Egeli, Tzolakis, Crooks, Slater"
WC4,5,,5-3-2,Haaland,130,Wieffer,BHA,DEF,5.0,4.21,False,52.89,59.24,58.63,"Walle Egeli, Tzolakis, Crooks, Slater"
WC4,5,,5-3-2,Haaland,154,Palmer,CHE,MID,9.5,5.25,False,52.89,59.24,58.63,"Walle Egeli, Tzolakis, Crooks, Slater"
WC4,5,,5-3-2,Haaland,557,Tzolis,ARS,MID,6.5,4.88,False,52.89,59.24,58.63,"Walle Egeli, Tzolakis, Crooks, Slater"
WC4,5,,5-3-2,Haaland,208,Sarr,CRY,MID,6.5,4.15,False,52.89,59.24,58.63,"Walle Egeli, Tzolakis, Crooks, Slater"
WC4,5,,5-3-2,Haaland,411,Haaland,MCI,FWD,15.5,6.35,True,52.89,59.24,58.63,"Walle Egeli, Tzolakis, Crooks, Slater"
WC4,5,,5-3-2,Haaland,379,Isak,LIV,FWD,9.0,4.07,False,52.89,59.24,58.63,"Walle Egeli, Tzolakis, Crooks, Slater"
WC4,6,,5-3-2,Haaland,384,Donnarumma,MCI,GKP,5.5,3.88,False,55.92,62.25,60.33,"Thomas-Asante, Tzolakis, Crooks, Slater"
WC4,6,,5-3-2,Haaland,4,Gabriel,ARS,DEF,8.0,5.42,False,55.92,62.25,60.33,"Thomas-Asante, Tzolakis, Crooks, Slater"
WC4,6,,5-3-2,Haaland,504,Vuskovic,BHA,DEF,5.0,5.37,False,55.92,62.25,60.33,"Thomas-Asante, Tzolakis, Crooks, Slater"
WC4,6,,5-3-2,Haaland,8,Calafiori,ARS,DEF,5.5,5.1,False,55.92,62.25,60.33,"Thomas-Asante, Tzolakis, Crooks, Slater"
WC4,6,,5-3-2,Haaland,130,Wieffer,BHA,DEF,5.0,4.81,False,55.92,62.25,60.33,"Thomas-Asante, Tzolakis, Crooks, Slater"
WC4,6,,5-3-2,Haaland,388,Guéhi,MCI,DEF,6.0,4.51,False,55.92,62.25,60.33,"Thomas-Asante, Tzolakis, Crooks, Slater"
WC4,6,,5-3-2,Haaland,154,Palmer,CHE,MID,9.5,5.98,False,55.92,62.25,60.33,"Thomas-Asante, Tzolakis, Crooks, Slater"
WC4,6,,5-3-2,Haaland,557,Tzolis,ARS,MID,6.5,5.23,False,55.92,62.25,60.33,"Thomas-Asante, Tzolakis, Crooks, Slater"
WC4,6,,5-3-2,Haaland,68,Tavernier,BOU,MID,6.0,5.13,False,55.92,62.25,60.33,"Thomas-Asante, Tzolakis, Crooks, Slater"
WC4,6,,5-3-2,Haaland,411,Haaland,MCI,FWD,15.5,6.33,True,55.92,62.25,60.33,"Thomas-Asante, Tzolakis, Crooks, Slater"
WC4,6,,5-3-2,Haaland,379,Isak,LIV,FWD,9.0,4.16,False,55.92,62.25,60.33,"Thomas-Asante, Tzolakis, Crooks, Slater"
WC4,7,,5-3-2,Haaland,384,Donnarumma,MCI,GKP,5.5,4.06,False,54.78,60.69,59.73,"Thomas-Asante, Tzolakis, Crooks, Slater"
WC4,7,,5-3-2,Haaland,4,Gabriel,ARS,DEF,8.0,5.48,False,54.78,60.69,59.73,"Thomas-Asante, Tzolakis, Crooks, Slater"
WC4,7,,5-3-2,Haaland,8,Calafiori,ARS,DEF,5.5,5.14,False,54.78,60.69,59.73,"Thomas-Asante, Tzolakis, Crooks, Slater"
WC4,7,,5-3-2,Haaland,504,Vuskovic,BHA,DEF,5.0,5.09,False,54.78,60.69,59.73,"Thomas-Asante, Tzolakis, Crooks, Slater"
WC4,7,,5-3-2,Haaland,130,Wieffer,BHA,DEF,5.0,4.63,False,54.78,60.69,59.73,"Thomas-Asante, Tzolakis, Crooks, Slater"
WC4,7,,5-3-2,Haaland,388,Guéhi,MCI,DEF,6.0,4.54,False,54.78,60.69,59.73,"Thomas-Asante, Tzolakis, Crooks, Slater"
WC4,7,,5-3-2,Haaland,154,Palmer,CHE,MID,9.5,5.37,False,54.78,60.69,59.73,"Thomas-Asante, Tzolakis, Crooks, Slater"
WC4,7,,5-3-2,Haaland,557,Tzolis,ARS,MID,6.5,5.24,False,54.78,60.69,59.73,"Thomas-Asante, Tzolakis, Crooks, Slater"
WC4,7,,5-3-2,Haaland,68,Tavernier,BOU,MID,6.0,4.17,False,54.78,60.69,59.73,"Thomas-Asante, Tzolakis, Crooks, Slater"
WC4,7,,5-3-2,Haaland,411,Haaland,MCI,FWD,15.5,5.91,True,54.78,60.69,59.73,"Thomas-Asante, Tzolakis, Crooks, Slater"
WC4,7,,5-3-2,Haaland,379,Isak,LIV,FWD,9.0,5.15,False,54.78,60.69,59.73,"Thomas-Asante, Tzolakis, Crooks, Slater"
WC4,8,,5-3-2,Haaland,384,Donnarumma,MCI,GKP,5.5,4.08,False,55.35,62.27,61.71,"Thomas-Asante, Tzolakis, Crooks, Slater"
WC4,8,,5-3-2,Haaland,4,Gabriel,ARS,DEF,8.0,5.47,False,55.35,62.27,61.71,"Thomas-Asante, Tzolakis, Crooks, Slater"
WC4,8,,5-3-2,Haaland,504,Vuskovic,BHA,DEF,5.0,5.23,False,55.35,62.27,61.71,"Thomas-Asante, Tzolakis, Crooks, Slater"
WC4,8,,5-3-2,Haaland,8,Calafiori,ARS,DEF,5.5,5.12,False,55.35,62.27,61.71,"Thomas-Asante, Tzolakis, Crooks, Slater"
WC4,8,,5-3-2,Haaland,388,Guéhi,MCI,DEF,6.0,4.72,False,55.35,62.27,61.71,"Thomas-Asante, Tzolakis, Crooks, Slater"
WC4,8,,5-3-2,Haaland,130,Wieffer,BHA,DEF,5.0,4.68,False,55.35,62.27,61.71,"Thomas-Asante, Tzolakis, Crooks, Slater"
WC4,8,,5-3-2,Haaland,557,Tzolis,ARS,MID,6.5,5.1,False,55.35,62.27,61.71,"Thomas-Asante, Tzolakis, Crooks, Slater"
WC4,8,,5-3-2,Haaland,68,Tavernier,BOU,MID,6.0,4.76,False,55.35,62.27,61.71,"Thomas-Asante, Tzolakis, Crooks, Slater"
WC4,8,,5-3-2,Haaland,154,Palmer,CHE,MID,9.5,4.59,False,55.35,62.27,61.71,"Thomas-Asante, Tzolakis, Crooks, Slater"
WC4,8,,5-3-2,Haaland,411,Haaland,MCI,FWD,15.5,6.92,True,55.35,62.27,61.71,"Thomas-Asante, Tzolakis, Crooks, Slater"
WC4,8,,5-3-2,Haaland,379,Isak,LIV,FWD,9.0,4.68,False,55.35,62.27,61.71,"Thomas-Asante, Tzolakis, Crooks, Slater"
WC4,9,,5-3-2,Haaland,384,Donnarumma,MCI,GKP,5.5,3.88,False,51.81,57.33,58.02,"Isak, Tzolakis, Crooks, Slater"
WC4,9,,5-3-2,Haaland,4,Gabriel,ARS,DEF,8.0,5.31,False,51.81,57.33,58.02,"Isak, Tzolakis, Crooks, Slater"
WC4,9,,5-3-2,Haaland,8,Calafiori,ARS,DEF,5.5,4.97,False,51.81,57.33,58.02,"Isak, Tzolakis, Crooks, Slater"
WC4,9,,5-3-2,Haaland,504,Vuskovic,BHA,DEF,5.0,4.94,False,51.81,57.33,58.02,"Isak, Tzolakis, Crooks, Slater"
WC4,9,,5-3-2,Haaland,130,Wieffer,BHA,DEF,5.0,4.47,False,51.81,57.33,58.02,"Isak, Tzolakis, Crooks, Slater"
WC4,9,,5-3-2,Haaland,388,Guéhi,MCI,DEF,6.0,4.38,False,51.81,57.33,58.02,"Isak, Tzolakis, Crooks, Slater"
WC4,9,,5-3-2,Haaland,557,Tzolis,ARS,MID,6.5,4.93,False,51.81,57.33,58.02,"Isak, Tzolakis, Crooks, Slater"
WC4,9,,5-3-2,Haaland,94,Schade,BRE,MID,6.0,4.91,False,51.81,57.33,58.02,"Isak, Tzolakis, Crooks, Slater"
WC4,9,,5-3-2,Haaland,154,Palmer,CHE,MID,9.5,4.73,False,51.81,57.33,58.02,"Isak, Tzolakis, Crooks, Slater"
WC4,9,,5-3-2,Haaland,411,Haaland,MCI,FWD,15.5,5.52,True,51.81,57.33,58.02,"Isak, Tzolakis, Crooks, Slater"
WC4,9,,5-3-2,Haaland,194,Thomas-Asante,COV,FWD,5.0,3.77,False,51.81,57.33,58.02,"Isak, Tzolakis, Crooks, Slater"
WC4,10,,5-3-2,Haaland,384,Donnarumma,MCI,GKP,5.5,4.07,False,55.97,62.88,61.57,"Thomas-Asante, Tzolakis, Crooks, Slater"
WC4,10,,5-3-2,Haaland,4,Gabriel,ARS,DEF,8.0,5.38,False,55.97,62.88,61.57,"Thomas-Asante, Tzolakis, Crooks, Slater"
WC4,10,,5-3-2,Haaland,504,Vuskovic,BHA,DEF,5.0,5.17,False,55.97,62.88,61.57,"Thomas-Asante, Tzolakis, Crooks, Slater"
WC4,10,,5-3-2,Haaland,8,Calafiori,ARS,DEF,5.5,5.03,False,55.97,62.88,61.57,"Thomas-Asante, Tzolakis, Crooks, Slater"
WC4,10,,5-3-2,Haaland,388,Guéhi,MCI,DEF,6.0,4.71,False,55.97,62.88,61.57,"Thomas-Asante, Tzolakis, Crooks, Slater"
WC4,10,,5-3-2,Haaland,130,Wieffer,BHA,DEF,5.0,4.68,False,55.97,62.88,61.57,"Thomas-Asante, Tzolakis, Crooks, Slater"
WC4,10,,5-3-2,Haaland,154,Palmer,CHE,MID,9.5,5.14,False,55.97,62.88,61.57,"Thomas-Asante, Tzolakis, Crooks, Slater"
WC4,10,,5-3-2,Haaland,557,Tzolis,ARS,MID,6.5,4.92,False,55.97,62.88,61.57,"Thomas-Asante, Tzolakis, Crooks, Slater"
WC4,10,,5-3-2,Haaland,68,Tavernier,BOU,MID,6.0,4.74,False,55.97,62.88,61.57,"Thomas-Asante, Tzolakis, Crooks, Slater"
WC4,10,,5-3-2,Haaland,411,Haaland,MCI,FWD,15.5,6.91,True,55.97,62.88,61.57,"Thomas-Asante, Tzolakis, Crooks, Slater"
WC4,10,,5-3-2,Haaland,379,Isak,LIV,FWD,9.0,5.22,False,55.97,62.88,61.57,"Thomas-Asante, Tzolakis, Crooks, Slater"
WC4,11,,5-3-2,Haaland,384,Donnarumma,MCI,GKP,5.5,4.14,False,56.03,62.22,61.94,"Thomas-Asante, Tzolakis, Crooks, Slater"
WC4,11,,5-3-2,Haaland,504,Vuskovic,BHA,DEF,5.0,5.42,False,56.03,62.22,61.94,"Thomas-Asante, Tzolakis, Crooks, Slater"
WC4,11,,5-3-2,Haaland,4,Gabriel,ARS,DEF,8.0,5.41,False,56.03,62.22,61.94,"Thomas-Asante, Tzolakis, Crooks, Slater"
WC4,11,,5-3-2,Haaland,8,Calafiori,ARS,DEF,5.5,5.09,False,56.03,62.22,61.94,"Thomas-Asante, Tzolakis, Crooks, Slater"
WC4,11,,5-3-2,Haaland,130,Wieffer,BHA,DEF,5.0,4.82,False,56.03,62.22,61.94,"Thomas-Asante, Tzolakis, Crooks, Slater"
WC4,11,,5-3-2,Haaland,388,Guéhi,MCI,DEF,6.0,4.64,False,56.03,62.22,61.94,"Thomas-Asante, Tzolakis, Crooks, Slater"
WC4,11,,5-3-2,Haaland,557,Tzolis,ARS,MID,6.5,5.66,False,56.03,62.22,61.94,"Thomas-Asante, Tzolakis, Crooks, Slater"
WC4,11,,5-3-2,Haaland,154,Palmer,CHE,MID,9.5,5.17,False,56.03,62.22,61.94,"Thomas-Asante, Tzolakis, Crooks, Slater"
WC4,11,,5-3-2,Haaland,94,Schade,BRE,MID,6.0,4.78,False,56.03,62.22,61.94,"Thomas-Asante, Tzolakis, Crooks, Slater"
WC4,11,,5-3-2,Haaland,411,Haaland,MCI,FWD,15.5,6.19,True,56.03,62.22,61.94,"Thomas-Asante, Tzolakis, Crooks, Slater"
WC4,11,,5-3-2,Haaland,379,Isak,LIV,FWD,9.0,4.71,False,56.03,62.22,61.94,"Thomas-Asante, Tzolakis, Crooks, Slater"
WC4,12,FH,4-4-2,Isak,1,Raya,ARS,GKP,6.0,4.22,False,53.05,58.49,58.49,"Konsa, Barry, Tzolakis, Armstrong"
WC4,12,FH,4-4-2,Isak,4,Gabriel,ARS,DEF,8.0,5.09,False,53.05,58.49,58.49,"Konsa, Barry, Tzolakis, Armstrong"
WC4,12,FH,4-4-2,Isak,504,Vuskovic,BHA,DEF,5.0,4.99,False,53.05,58.49,58.49,"Konsa, Barry, Tzolakis, Armstrong"
WC4,12,FH,4-4-2,Isak,8,Calafiori,ARS,DEF,5.5,4.65,False,53.05,58.49,58.49,"Konsa, Barry, Tzolakis, Armstrong"
WC4,12,FH,4-4-2,Isak,130,Wieffer,BHA,DEF,5.0,4.61,False,53.05,58.49,58.49,"Konsa, Barry, Tzolakis, Armstrong"
WC4,12,FH,4-4-2,Isak,154,Palmer,CHE,MID,9.5,5.25,False,53.05,58.49,58.49,"Konsa, Barry, Tzolakis, Armstrong"
WC4,12,FH,4-4-2,Isak,426,B.Fernandes,MUN,MID,12.0,5.22,False,53.05,58.49,58.49,"Konsa, Barry, Tzolakis, Armstrong"
WC4,12,FH,4-4-2,Isak,68,Tavernier,BOU,MID,6.0,4.53,False,53.05,58.49,58.49,"Konsa, Barry, Tzolakis, Armstrong"
WC4,12,FH,4-4-2,Isak,208,Sarr,CRY,MID,6.5,4.52,False,53.05,58.49,58.49,"Konsa, Barry, Tzolakis, Armstrong"
WC4,12,FH,4-4-2,Isak,379,Isak,LIV,FWD,9.0,5.44,True,53.05,58.49,58.49,"Konsa, Barry, Tzolakis, Armstrong"
WC4,12,FH,4-4-2,Isak,165,João Pedro,CHE,FWD,7.5,4.53,False,53.05,58.49,58.49,"Konsa, Barry, Tzolakis, Armstrong"
WC4,13,,5-3-2,Haaland,384,Donnarumma,MCI,GKP,5.5,4.02,False,53.97,60.41,59.29,"Thomas-Asante, Tzolakis, Crooks, Slater"
WC4,13,,5-3-2,Haaland,4,Gabriel,ARS,DEF,8.0,5.31,False,53.97,60.41,59.29,"Thomas-Asante, Tzolakis, Crooks, Slater"
WC4,13,,5-3-2,Haaland,8,Calafiori,ARS,DEF,5.5,4.96,False,53.97,60.41,59.29,"Thomas-Asante, Tzolakis, Crooks, Slater"
WC4,13,,5-3-2,Haaland,504,Vuskovic,BHA,DEF,5.0,4.94,False,53.97,60.41,59.29,"Thomas-Asante, Tzolakis, Crooks, Slater"
WC4,13,,5-3-2,Haaland,388,Guéhi,MCI,DEF,6.0,4.6,False,53.97,60.41,59.29,"Thomas-Asante, Tzolakis, Crooks, Slater"
WC4,13,,5-3-2,Haaland,130,Wieffer,BHA,DEF,5.0,4.54,False,53.97,60.41,59.29,"Thomas-Asante, Tzolakis, Crooks, Slater"
WC4,13,,5-3-2,Haaland,557,Tzolis,ARS,MID,6.5,5.19,False,53.97,60.41,59.29,"Thomas-Asante, Tzolakis, Crooks, Slater"
WC4,13,,5-3-2,Haaland,154,Palmer,CHE,MID,9.5,4.72,False,53.97,60.41,59.29,"Thomas-Asante, Tzolakis, Crooks, Slater"
WC4,13,,5-3-2,Haaland,68,Tavernier,BOU,MID,6.0,3.87,False,53.97,60.41,59.29,"Thomas-Asante, Tzolakis, Crooks, Slater"
WC4,13,,5-3-2,Haaland,411,Haaland,MCI,FWD,15.5,6.44,True,53.97,60.41,59.29,"Thomas-Asante, Tzolakis, Crooks, Slater"
WC4,13,,5-3-2,Haaland,379,Isak,LIV,FWD,9.0,5.38,False,53.97,60.41,59.29,"Thomas-Asante, Tzolakis, Crooks, Slater"
WC4,14,,5-3-2,Haaland,384,Donnarumma,MCI,GKP,5.5,3.72,False,55.58,62.36,62.53,"Thomas-Asante, Tzolakis, Crooks, Slater"
WC4,14,,5-3-2,Haaland,4,Gabriel,ARS,DEF,8.0,5.64,False,55.58,62.36,62.53,"Thomas-Asante, Tzolakis, Crooks, Slater"
WC4,14,,5-3-2,Haaland,504,Vuskovic,BHA,DEF,5.0,5.46,False,55.58,62.36,62.53,"Thomas-Asante, Tzolakis, Crooks, Slater"
WC4,14,,5-3-2,Haaland,8,Calafiori,ARS,DEF,5.5,5.27,False,55.58,62.36,62.53,"Thomas-Asante, Tzolakis, Crooks, Slater"
WC4,14,,5-3-2,Haaland,130,Wieffer,BHA,DEF,5.0,4.84,False,55.58,62.36,62.53,"Thomas-Asante, Tzolakis, Crooks, Slater"
WC4,14,,5-3-2,Haaland,388,Guéhi,MCI,DEF,6.0,4.53,False,55.58,62.36,62.53,"Thomas-Asante, Tzolakis, Crooks, Slater"
WC4,14,,5-3-2,Haaland,557,Tzolis,ARS,MID,6.5,5.43,False,55.58,62.36,62.53,"Thomas-Asante, Tzolakis, Crooks, Slater"
WC4,14,,5-3-2,Haaland,154,Palmer,CHE,MID,9.5,4.48,False,55.58,62.36,62.53,"Thomas-Asante, Tzolakis, Crooks, Slater"
WC4,14,,5-3-2,Haaland,68,Tavernier,BOU,MID,6.0,4.0,False,55.58,62.36,62.53,"Thomas-Asante, Tzolakis, Crooks, Slater"
WC4,14,,5-3-2,Haaland,411,Haaland,MCI,FWD,15.5,6.78,True,55.58,62.36,62.53,"Thomas-Asante, Tzolakis, Crooks, Slater"
WC4,14,,5-3-2,Haaland,379,Isak,LIV,FWD,9.0,5.43,False,55.58,62.36,62.53,"Thomas-Asante, Tzolakis, Crooks, Slater"
WC4,15,,5-3-2,Tzolis,384,Donnarumma,MCI,GKP,5.5,3.77,False,53.44,59.27,58.73,"Thomas-Asante, Tzolakis, Crooks, Slater"
WC4,15,,5-3-2,Tzolis,4,Gabriel,ARS,DEF,8.0,5.43,False,53.44,59.27,58.73,"Thomas-Asante, Tzolakis, Crooks, Slater"
WC4,15,,5-3-2,Tzolis,504,Vuskovic,BHA,DEF,5.0,5.25,False,53.44,59.27,58.73,"Thomas-Asante, Tzolakis, Crooks, Slater"
WC4,15,,5-3-2,Tzolis,8,Calafiori,ARS,DEF,5.5,5.13,False,53.44,59.27,58.73,"Thomas-Asante, Tzolakis, Crooks, Slater"
WC4,15,,5-3-2,Tzolis,130,Wieffer,BHA,DEF,5.0,4.73,False,53.44,59.27,58.73,"Thomas-Asante, Tzolakis, Crooks, Slater"
WC4,15,,5-3-2,Tzolis,388,Guéhi,MCI,DEF,6.0,4.29,False,53.44,59.27,58.73,"Thomas-Asante, Tzolakis, Crooks, Slater"
WC4,15,,5-3-2,Tzolis,557,Tzolis,ARS,MID,6.5,5.83,True,53.44,59.27,58.73,"Thomas-Asante, Tzolakis, Crooks, Slater"
WC4,15,,5-3-2,Tzolis,154,Palmer,CHE,MID,9.5,4.48,False,53.44,59.27,58.73,"Thomas-Asante, Tzolakis, Crooks, Slater"
WC4,15,,5-3-2,Tzolis,68,Tavernier,BOU,MID,6.0,3.97,False,53.44,59.27,58.73,"Thomas-Asante, Tzolakis, Crooks, Slater"
WC4,15,,5-3-2,Tzolis,379,Isak,LIV,FWD,9.0,5.4,False,53.44,59.27,58.73,"Thomas-Asante, Tzolakis, Crooks, Slater"
WC4,15,,5-3-2,Tzolis,411,Haaland,MCI,FWD,15.5,5.16,False,53.44,59.27,58.73,"Thomas-Asante, Tzolakis, Crooks, Slater"
WC4,16,,5-3-2,Haaland,384,Donnarumma,MCI,GKP,5.5,4.07,False,52.9,58.87,58.37,"Thomas-Asante, Tzolakis, Crooks, Slater"
WC4,16,,5-3-2,Haaland,4,Gabriel,ARS,DEF,8.0,5.25,False,52.9,58.87,58.37,"Thomas-Asante, Tzolakis, Crooks, Slater"
WC4,16,,5-3-2,Haaland,504,Vuskovic,BHA,DEF,5.0,5.16,False,52.9,58.87,58.37,"Thomas-Asante, Tzolakis, Crooks, Slater"
WC4,16,,5-3-2,Haaland,8,Calafiori,ARS,DEF,5.5,4.89,False,52.9,58.87,58.37,"Thomas-Asante, Tzolakis, Crooks, Slater"
WC4,16,,5-3-2,Haaland,130,Wieffer,BHA,DEF,5.0,4.68,False,52.9,58.87,58.37,"Thomas-Asante, Tzolakis, Crooks, Slater"
WC4,16,,5-3-2,Haaland,388,Guéhi,MCI,DEF,6.0,4.55,False,52.9,58.87,58.37,"Thomas-Asante, Tzolakis, Crooks, Slater"
WC4,16,,5-3-2,Haaland,154,Palmer,CHE,MID,9.5,4.88,False,52.9,58.87,58.37,"Thomas-Asante, Tzolakis, Crooks, Slater"
WC4,16,,5-3-2,Haaland,557,Tzolis,ARS,MID,6.5,4.69,False,52.9,58.87,58.37,"Thomas-Asante, Tzolakis, Crooks, Slater"
WC4,16,,5-3-2,Haaland,68,Tavernier,BOU,MID,6.0,4.0,False,52.9,58.87,58.37,"Thomas-Asante, Tzolakis, Crooks, Slater"
WC4,16,,5-3-2,Haaland,411,Haaland,MCI,FWD,15.5,5.97,True,52.9,58.87,58.37,"Thomas-Asante, Tzolakis, Crooks, Slater"
WC4,16,,5-3-2,Haaland,379,Isak,LIV,FWD,9.0,4.76,False,52.9,58.87,58.37,"Thomas-Asante, Tzolakis, Crooks, Slater"
WC4,17,TC,5-3-2,Haaland,384,Donnarumma,MCI,GKP,5.5,3.72,False,56.8,72.08,70.91,"Thomas-Asante, Tzolakis, Crooks, Slater"
WC4,17,TC,5-3-2,Haaland,4,Gabriel,ARS,DEF,8.0,5.36,False,56.8,72.08,70.91,"Thomas-Asante, Tzolakis, Crooks, Slater"
WC4,17,TC,5-3-2,Haaland,504,Vuskovic,BHA,DEF,5.0,5.35,False,56.8,72.08,70.91,"Thomas-Asante, Tzolakis, Crooks, Slater"
WC4,17,TC,5-3-2,Haaland,8,Calafiori,ARS,DEF,5.5,5.04,False,56.8,72.08,70.91,"Thomas-Asante, Tzolakis, Crooks, Slater"
WC4,17,TC,5-3-2,Haaland,130,Wieffer,BHA,DEF,5.0,4.79,False,56.8,72.08,70.91,"Thomas-Asante, Tzolakis, Crooks, Slater"
WC4,17,TC,5-3-2,Haaland,388,Guéhi,MCI,DEF,6.0,4.67,False,56.8,72.08,70.91,"Thomas-Asante, Tzolakis, Crooks, Slater"
WC4,17,TC,5-3-2,Haaland,557,Tzolis,ARS,MID,6.5,5.21,False,56.8,72.08,70.91,"Thomas-Asante, Tzolakis, Crooks, Slater"
WC4,17,TC,5-3-2,Haaland,154,Palmer,CHE,MID,9.5,5.17,False,56.8,72.08,70.91,"Thomas-Asante, Tzolakis, Crooks, Slater"
WC4,17,TC,5-3-2,Haaland,68,Tavernier,BOU,MID,6.0,4.62,False,56.8,72.08,70.91,"Thomas-Asante, Tzolakis, Crooks, Slater"
WC4,17,TC,5-3-2,Haaland,411,Haaland,MCI,FWD,15.5,7.64,True,56.8,72.08,70.91,"Thomas-Asante, Tzolakis, Crooks, Slater"
WC4,17,TC,5-3-2,Haaland,379,Isak,LIV,FWD,9.0,5.23,False,56.8,72.08,70.91,"Thomas-Asante, Tzolakis, Crooks, Slater"
WC4,18,,5-3-2,Haaland,384,Donnarumma,MCI,GKP,5.5,4.14,False,57.56,64.66,63.38,"Thiago, Tzolakis, Crooks, Slater"
WC4,18,,5-3-2,Haaland,504,Vuskovic,BHA,DEF,5.0,5.53,False,57.56,64.66,63.38,"Thiago, Tzolakis, Crooks, Slater"
WC4,18,,5-3-2,Haaland,4,Gabriel,ARS,DEF,8.0,5.45,False,57.56,64.66,63.38,"Thiago, Tzolakis, Crooks, Slater"
WC4,18,,5-3-2,Haaland,8,Calafiori,ARS,DEF,5.5,5.09,False,57.56,64.66,63.38,"Thiago, Tzolakis, Crooks, Slater"
WC4,18,,5-3-2,Haaland,130,Wieffer,BHA,DEF,5.0,4.89,False,57.56,64.66,63.38,"Thiago, Tzolakis, Crooks, Slater"
WC4,18,,5-3-2,Haaland,388,Guéhi,MCI,DEF,6.0,4.8,False,57.56,64.66,63.38,"Thiago, Tzolakis, Crooks, Slater"
WC4,18,,5-3-2,Haaland,208,Sarr,CRY,MID,6.5,5.3,False,57.56,64.66,63.38,"Thiago, Tzolakis, Crooks, Slater"
WC4,18,,5-3-2,Haaland,557,Tzolis,ARS,MID,6.5,5.0,False,57.56,64.66,63.38,"Thiago, Tzolakis, Crooks, Slater"
WC4,18,,5-3-2,Haaland,68,Tavernier,BOU,MID,6.0,4.94,False,57.56,64.66,63.38,"Thiago, Tzolakis, Crooks, Slater"
WC4,18,,5-3-2,Haaland,411,Haaland,MCI,FWD,15.5,7.1,True,57.56,64.66,63.38,"Thiago, Tzolakis, Crooks, Slater"
WC4,18,,5-3-2,Haaland,379,Isak,LIV,FWD,9.0,5.32,False,57.56,64.66,63.38,"Thiago, Tzolakis, Crooks, Slater"
WC4,19,,5-2-3,Haaland,384,Donnarumma,MCI,GKP,5.5,4.27,False,53.51,59.08,59.08,"Tzolakis, Crooks, Slater, Tavernier"
WC4,19,,5-2-3,Haaland,4,Gabriel,ARS,DEF,8.0,5.37,False,53.51,59.08,59.08,"Tzolakis, Crooks, Slater, Tavernier"
WC4,19,,5-2-3,Haaland,504,Vuskovic,BHA,DEF,5.0,5.04,False,53.51,59.08,59.08,"Tzolakis, Crooks, Slater, Tavernier"
WC4,19,,5-2-3,Haaland,8,Calafiori,ARS,DEF,5.5,5.02,False,53.51,59.08,59.08,"Tzolakis, Crooks, Slater, Tavernier"
WC4,19,,5-2-3,Haaland,388,Guéhi,MCI,DEF,6.0,4.65,False,53.51,59.08,59.08,"Tzolakis, Crooks, Slater, Tavernier"
WC4,19,,5-2-3,Haaland,130,Wieffer,BHA,DEF,5.0,4.58,False,53.51,59.08,59.08,"Tzolakis, Crooks, Slater, Tavernier"
WC4,19,,5-2-3,Haaland,557,Tzolis,ARS,MID,6.5,4.9,False,53.51,59.08,59.08,"Tzolakis, Crooks, Slater, Tavernier"
WC4,19,,5-2-3,Haaland,94,Schade,BRE,MID,6.0,4.51,False,53.51,59.08,59.08,"Tzolakis, Crooks, Slater, Tavernier"
WC4,19,,5-2-3,Haaland,411,Haaland,MCI,FWD,15.5,5.57,True,53.51,59.08,59.08,"Tzolakis, Crooks, Slater, Tavernier"
WC4,19,,5-2-3,Haaland,379,Isak,LIV,FWD,9.0,5.04,False,53.51,59.08,59.08,"Tzolakis, Crooks, Slater, Tavernier"
WC4,19,,5-2-3,Haaland,106,Thiago,BRE,FWD,8.0,4.56,False,53.51,59.08,59.08,"Tzolakis, Crooks, Slater, Tavernier"
